Spørsmål ID,Spørsmål,A,DEMN,DNI,FRED,FRP,GENP,H,HELSE,INP,KRF,KRISTNE,MDG,PP,PS,RØDT,SP,SV,V
cddff7e3-94ad-4a17-ba6e-21cdc2e7b246,Det bør være forbud mot innleie av arbeidskraft fra bemanningsbyråer.,-1,-2,-2,2,-2,-2,-2,-1,-2,-2,-2,-2,-2,-2,2,-2,1,-2
3259cb20-a537-5353-9f36-5141fa16b865,Å støtte Ukraina med våpen og penger er viktig for Europas framtid.,2,-2,2,-2,2,1,2,1,2,2,-2,2,1,2,1,2,2,2
6f0179c7-8c19-5896-abf4-787852837680,Det finnes menneskeskapte klimaendringer.,2,-2,1,2,2,2,2,1,1,2,-1,2,2,2,2,2,2,2
01e3a3bb-9cd2-511b-a7d5-3d2f775104e0,Ordninga med gratis ferje må avvikles.,-1,-2,-2,-2,-2,-2,2,-1,-2,-1,-2,1,-2,-1,-2,-2,-1,1
077fd3e9-4775-5a5e-b2b2-e0901cf96872,Skatte- og avgiftsnivået for norske bedrifter er altfor høyt.,-2,2,1,-1,2,2,2,2,2,2,2,-1,1,1,-2,1,-2,2
0c3bab82-650d-46f1-bcf3-f02d53628b8f,Norge må avvikle kongehuset og bli republikk.,-2,-2,-2,2,-2,-1,-2,-1,-2,-2,-1,-1,-2,-2,2,-2,2,1
15e6e2b6-4ea9-40ab-a639-e943a191cfd9,Pasienter som har jobb skal få tilbud om raskere helsehjelp enn andre.,-1,1,-2,-2,-2,1,2,-2,1,1,-2,-2,-1,-2,-2,-1,-2,1
1ad6ed93-6ccf-58ee-9cff-bb7ac382aa5a,De som mottar uføretrygd eller arbeidsavklaringspenger må få mer utbetalt.,1,2,2,2,-1,2,-2,1,2,-1,-1,1,2,2,2,1,2,-1
1d39ad58-7747-59c1-9f27-b294438dd414,Kommunene må stoppes når de vil ofre natur for å bygge hyttefelt og næringsområder. ,-1,2,-1,2,-2,2,-2,-1,1,1,-2,2,1,2,2,-2,2,2
2acfc192-f7f7-5e84-a14f-f5ddcbce2bda,Den kriminelle lavalderen bør senkes til 14 år.,-2,2,-2,-2,2,-2,-2,-1,-1,-2,2,-2,2,-2,-2,-2,-2,-2
4349011a-36ce-5194-9436-334730ad35fa,Boligsparing for ungdom (BSU) fungerer best for de med god råd og bør avskaffes.,-1,-2,-2,1,-2,-2,-2,-1,-2,-1,-2,1,-1,-2,1,-2,2,2
62f65d22-2e45-59e9-93a5-d06d114f275b,Det blir gitt for mye offentlig pengestøtte til kultur.,-2,2,-1,-2,2,1,1,-1,1,-2,2,-2,-2,-2,-2,-1,-2,-2
6d04a668-ccc2-566d-b14a-086df60aca80,Det bør være en avgift eller skatt på å arve store verdier.,-2,-2,-1,2,-2,-2,-2,-2,-2,-2,-2,2,-2,2,2,-2,2,-1
6d848e61-c1ab-552e-b9a4-b793396e51b7,Vi bør innføre et tredje juridisk kjønn.,1,-2,-1,-1,-2,-2,-1,-2,-2,-2,-2,2,-1,2,2,-1,2,2
70a1feb7-907e-57f1-9499-39e991be2fd1,Skolegudstjenester skal fortsatt være en tradisjon i Norge.,2,2,1,-1,2,1,2,1,2,2,2,-2,1,2,-1,2,-2,1
7ca75397-b68a-54da-8137-b948dd5d41c5,Det bør bli like billig å gå til tannlegen som til fastlegen.,1,2,2,2,-1,2,-2,2,2,2,1,1,2,2,2,2,2,-1
7dff5635-bac0-5f55-bbf2-b802c7c72fbb,Innvandring har gjort Norge til et bedre land.,2,-2,-1,2,-2,-1,1,1,-2,1,-2,2,-1,2,1,1,2,2
80d5b2a8-67b2-5e37-8d47-2071370518df,Politikerne bør vedta en aldersgrense for bruk av sosiale medier.,2,2,-1,2,-1,2,2,-1,1,2,1,2,1,-2,2,2,2,1
8a2a1939-48df-588a-8b88-1a75cc050c55,Norge må bli medlem av EU.,-1,-2,-2,-2,-2,-2,1,-2,-2,-1,-2,2,-2,1,-2,-2,-2,2
99615b42-bac4-5a45-a78b-d812782b17be,Nordmenn må spise mindre kjøtt. ,1,-2,-2,1,-2,-2,-2,-2,-2,-1,-2,2,-1,2,1,-2,1,1
ac4f9c4d-3e9a-5785-b9a4-ca215e2f6ee6,Det må bli slått hardere ned på hatefulle ytringer.,1,-2,2,2,-2,-1,-1,-1,-1,1,-2,2,2,2,2,1,2,1
adfb3113-f827-58f0-a2c4-1436c49511b2,Oljefondet må ut av alle israelske selskaper.,-1,-2,2,2,-2,2,-2,2,-1,-2,-2,2,1,2,2,-1,2,2
cf9725a2-055b-546c-8825-8a875d98584b,Dyr strøm gjør at det bør være langt færre kraftkabler mellom Norge og utlandet.,1,2,2,2,2,2,-2,1,2,1,2,-2,2,-2,2,2,2,-2
d669fda8-2b99-5a31-bac1-d6a337f32ac4,Det er en god idé å slette noe av studiegjelda for de som vil bo i distriktskommuner.,1,2,2,1,-2,2,-1,1,2,1,1,1,1,1,1,2,1,1
db45ca74-9fc6-5a5b-b510-0cc6fa6be03d,"Det haster med å ruste opp, og den planlagte opptrappingen i Forsvaret må fremskyndes.",1,2,2,-2,2,2,2,1,2,2,2,1,2,1,-1,2,-1,2
ea0f9a1c-8a9c-47d7-81e3-1934d8ef0d6a,Det er for tidlig for seksåringer å begynne på skolen.,-2,2,2,-1,-1,2,-1,1,2,2,1,2,-1,-1,2,-1,-2,-1
f47de373-dc27-5d4a-ae95-91071d845541,Private omsorgsbedrifter må slippe mer til i eldreomsorgen.,-1,2,1,-2,2,2,2,2,1,1,2,-1,2,1,-2,-1,-2,2
00f36866-326d-53b8-9de0-d960226dcd6a,Vi bør slutte å gi våpen til Ukraina.,-2,2,-2,2,-2,-1,-2,-1,-2,-2,1,-2,-1,-2,-2,-2,-2,-2
01ee94b8-b3ac-54ac-bd3a-5b852ed4b188,Norge må si opp EØS-avtalen vi har med EU med én gang.,-2,2,2,2,-2,1,-2,1,2,-2,2,-2,-1,-2,1,1,-1,-2
02161a52-f79b-54ca-8632-cefcb8cd025c,Det må fortsatt være straffbart å ha små doser narkotika du har tenkt å bruke selv.,1,2,-1,1,2,-2,-2,1,-1,2,2,-2,2,-2,-2,2,-2,-2
06a3bcf4-9ea7-5e57-9ca1-a11a5fbd9738,Det er greit å bruke bompenger for å få ned biltrafikken i vestfoldbyene.,1,-2,-2,-1,-2,-2,1,-2,-2,1,-2,2,-2,2,-2,-1,2,1
0815e831-c7f8-52ae-81d2-70a225119713,Vi må ta imot flere flyktninger fra andre land – selv om det er mange ukrainere her.,-1,-2,-1,2,-2,-2,-2,1,-2,1,-2,2,-1,2,2,-2,2,2
0864a918-83ab-5690-9614-f36a588ee813,Småbarnsforeldre bør selv få velge hvordan de fordeler permisjonen mellom seg.,-2,2,2,2,2,2,1,2,1,2,2,-1,2,-2,-2,-1,-2,-2
0aebf3a9-339a-5d97-ae08-2525062cb64c,Norge må melde seg ut av Nato.,-2,-2,-2,2,-2,-2,-2,-2,-2,-2,-2,-2,-2,-2,2,-2,-1,-2
0c91145b-ab9d-5e54-9e3a-3343aebd1bb6,Arealinngrep i samiske områder kan bare skje når samene har gitt tillatelse. ,-1,2,-1,2,-2,2,-2,1,1,1,-2,1,-1,-1,2,-1,2,-1
0cf1e822-bdee-581c-b164-2d73df2a5db1,Nordmenn med god råd bør betale mer i skatt enn i dag.,1,-2,-2,2,-2,2,-2,-1,-2,-1,-2,1,-2,1,2,-1,2,-1
0f85d55f-03e2-5bee-bf29-aa28050587a8,Oljefeltene må få strøm til produksjonen sin fra land eller havvind.,1,-2,-2,-2,-2,-2,1,-2,-2,-1,-2,-2,-2,-1,-2,-1,1,1
1111f431-b07c-59ec-bb44-66ef65391c4b,Det er altfor store pengeoverføringer fra staten til bøndene.,-1,-2,-2,-2,2,-2,2,-2,-2,-1,-1,-2,-1,-2,-2,-2,-2,-1
1533ad56-150b-5263-b090-be48af8eef37,Asylsøkere bør sendes til egne asylsentre utenfor Europa der søknaden blir behandlet.,-1,2,1,-2,2,1,1,-1,2,-2,2,-2,-1,-2,-2,-1,-2,-2
218cec71-1f17-57fe-84a7-8acfc8cce946,Statlige lån til batterifabrikken Morrow i Arendal må droppes.,-2,2,2,2,2,2,1,2,2,-2,2,-1,2,-1,-2,-1,-1,-1
2ba13d73-9d0f-5f90-9381-43d8893224c7,Unge voksne bør som hovedregel ikke kunne få tildelt varig uføretrygd.,1,1,-2,-2,2,-2,2,-1,2,2,1,-2,1,-2,-2,1,-2,1
2cb5c794-8af5-5e8a-b307-030523eefd7c,Det er rett å gjennomføre elektrifisering av Melkøya fordi det er et viktig klimatiltak.,2,-2,-2,-2,-2,-2,1,-2,-2,-2,-2,-2,1,-2,-2,-2,-1,-2
2f2d523c-34ac-5444-ad51-8810a10f44fe,Viken park bør bygges selv om det går ut over sårbar natur.,2,-2,1,-1,2,-2,2,-1,-2,2,-2,-2,1,-2,-2,1,-2,-2
31000790-2222-55f0-82d3-3c517cbef665,Unge med inntekt må få lån til å kjøpe egen bolig selv om de mangler egenkapital.,-1,2,2,1,2,2,2,1,1,2,1,1,1,1,-1,1,1,2
321b5ea8-4a3b-53ac-8162-8bc66f965531,For å verne villrein i Rondane er det nødvendig med mindre selvstyre for kommunene.,-2,2,-2,1,-2,1,-2,-1,-1,1,-1,2,-1,2,1,-1,2,2
3316f653-21e6-508d-9490-852d942c34f3,Det må bygges et tredje sykehus i Alta i Finnmark.,-1,2,2,-1,2,2,-2,2,2,2,2,-2,1,2,1,-2,-1,2
3a8f35fd-d623-5e7b-9fff-f2c41eaeaa7f,I noen områder bør politiet få ransake for våpen uten å ha konkret mistanke.,-1,2,1,-2,2,-2,2,-1,2,2,2,-2,1,-2,-2,2,-2,-2
3c588862-6ca6-576e-a578-0e9b00396bdf,Vi må ha lover som begrenser kunstig intelligens i arbeidslivet og skolen.,1,1,1,2,-1,-1,-2,-1,1,2,-1,1,2,1,1,1,2,-1
3d79aebb-1482-555e-a3a6-a5b751be6567,Det må være forbud mot fiske i det meste av Oslofjorden.,1,2,-2,2,-2,2,1,-1,-1,2,-1,2,1,2,2,-2,2,2
3e536cde-7e36-5339-8f01-1315fc5d7d2b,Ullevål sykehus kan fortsatt reddes.,-2,2,2,2,-2,2,-2,2,2,-1,2,2,2,-2,2,2,2,1
3ef7538b-0f21-5c80-8901-41b725f27b3d,Det er på tide å avvikle statens milliardstøtte til elbiler.,-1,2,2,1,-1,-1,-1,1,2,1,2,1,-1,-2,1,1,-1,-1
3fd3280e-5b62-532a-8078-c360edcb3aca,"Småskolebarn bør ha gratis heldagsskole med mat, SFO og fritidsaktiviteter. ",2,-2,1,2,-2,2,-2,1,1,-2,-2,-1,-1,1,1,-1,2,-1
4ec43d88-785f-5fdc-be0a-a3dd739f11cd,Nord-Norgebanen må bygges.,1,2,2,2,1,2,-2,1,2,-1,-2,1,2,1,2,1,2,-1
53f70515-0a47-561a-96e4-050c440b0b7a,Vestfold bør bli testfylke for å se om vi klarer oss uten fylkeskommune i Norge.,-2,2,2,-2,2,2,2,-1,-1,-1,2,-1,2,-2,-2,-2,-2,-1
54ca3bdb-7af9-5ce7-9e94-f5e52706ba6c,Å bruke 35 milliarder kroner på havvindprosjektet Utsira Nord er bortkastede penger.,-2,2,2,-1,2,2,-1,2,2,1,2,-1,2,-2,2,-2,-2,-2
56043595-3b98-5884-9df0-571ac6680b33,Skoleelever vil lære mer dersom de oftere blir inndelt i grupper etter ferdighetsnivå.,-1,2,1,-2,2,1,1,1,1,-1,2,-1,1,-1,-2,-1,-2,1
5a6f06db-0bd8-58c9-9c41-e825df3de158,Det er riktig å bruke rundt 10 milliarder kr på oppussing av Nationaltheatret i Oslo.,1,-2,2,-1,-2,2,-1,-1,2,-2,-2,1,-1,1,-1,-2,1,1
5cb97d4f-03f9-57b5-9ce1-b3f99b1eb647,Togtilbudet blir bedre dersom det blir enda mer konkurranse mellom togselskaper. ,-1,-2,-2,-2,2,-2,2,-1,-2,1,1,-2,1,-2,-2,-2,-2,2
5dbadc80-815b-5155-8e48-667c816d8628,Evjemoen bør gjenoppstå som militærleir for hæren.,-1,2,2,-2,1,1,1,1,2,1,2,-2,2,1,-2,2,1,1
64fdf750-5233-50c3-b4b5-f7c242014fc3,Staten må øke støtten slik at flyreiser til småflyplassene blir billigere enn i dag.,-1,2,2,-2,-1,2,-1,1,2,1,1,-1,1,-1,1,2,-1,-1
6639a804-83fe-5e8a-b035-11ddbcccaab4,Målet om nullvekst i biltrafikken på Nord-Jæren må fjernes.,-2,1,2,-2,2,2,-1,2,2,-2,2,-2,1,-2,2,1,-2,-2
6bcd402b-6029-518e-8d07-a18b88fee810,Dropp å bygge Hordfast som del av ferjefri E39.,-1,1,-2,1,-2,2,-2,-2,1,-2,-2,2,-2,2,2,-1,2,1
6c94c10a-53f2-502b-a415-fd6a1533ed3f,Bilistenes bompengeregning må reduseres kraftig.,-1,2,2,1,2,2,-1,2,2,-1,2,-2,2,-2,2,1,-1,-2
6f510f4a-1803-54ce-98f9-26ab595e20ae,"Havvindsatsingen er for dyr, og bør droppes.",-2,2,2,2,2,2,-1,2,2,1,2,-2,2,-2,2,1,-2,-1
73e4409e-052d-5b11-a0fc-684dd0b0e87a,Det var riktig av Norge å anerkjenne Palestina som selvstendig stat nå.,2,-2,2,2,-2,2,-1,1,-1,-2,-2,2,2,2,2,2,2,2
76abf977-2d9e-5fe7-8f78-7cd517b07b88,Det bør åpnes for gruvedrift flere steder i Trøndelag.,1,1,2,-2,2,-1,1,1,2,1,2,-1,2,1,1,2,-2,-1
7a1b52fd-835b-5beb-b791-68905903ad90,Kommunene i Innlandet bør få mindre selvstyre i saker om hytteutbygging.,-2,2,-2,1,-2,1,-2,-1,-2,-1,-2,2,-1,1,1,-2,1,1
80001344-09f9-5395-a5d1-b91d308ab844,Tros- og livssynssamfunn bør skaffe pengene sine selv.,-2,2,2,-1,2,2,-1,-1,2,-2,2,-2,-1,-2,-1,-2,-1,1
83df4360-232f-5b1c-8609-edb0620e1500,Det er fornuftig at utenlandske studenter på norske universitet betaler skolepenger.,1,2,2,-2,2,2,2,1,2,-2,2,-2,1,-2,-2,2,-2,-2
84080e16-3f54-5f11-8e0d-57174a944192,Vi skal slutte å bygge vindkraft på land i Norge.,-1,2,2,2,1,2,-2,2,2,-1,2,-1,2,-1,2,-1,1,-1
84eaa768-9f5c-5bfa-8c13-087e690a4436,Raskere og hyppigere tog på Trønderbanen er viktigere enn bilvei.,-1,1,1,2,-2,2,-2,2,-2,1,-2,2,1,2,2,-1,2,2
87ef20e9-b6f0-528b-8a0d-3aa19c3bd11c,Avgiften på mat og drikke (matmomsen) bør være om lag halvparten av det den har vært. ,-2,2,1,1,2,2,-2,-1,1,-2,1,1,2,-2,1,2,1,-1
891f22c1-9be6-5d30-b70e-e6881f96e1bc,Gul midtstripe på veien er viktigere enn ferjefri E39 i Nordfjord og Sogn.,2,1,1,2,1,1,1,-1,1,2,2,2,-2,2,1,2,2,2
8b0ce07a-17b0-5596-b7ec-25373e8f83ea,Det må være en makspris på strøm slik at strømregninga ikke blir for høy for folk.,1,2,2,2,2,2,-1,1,2,2,1,-1,2,-1,2,1,1,-1
94f2c41f-b496-5662-ba09-932c53c156e2,Det bør bli strengere regler for korttidsutleie som Airbnb.,1,-2,-2,2,-2,-2,-2,-1,1,-1,-2,2,1,1,2,1,2,-1
98a0ae78-1a4f-504f-82f5-5a87178c8bd2,Jeg synes vi kan bygge vannkraftverk i elver som tidligere ble freda.,-1,-2,-1,-2,2,-2,1,-1,1,-1,1,-2,-1,-2,-2,1,-2,-2
9d758147-f7e3-5a4c-b910-81ab512fec63,Det bør være lov med aktiv dødshjelp.,-2,-1,1,-2,2,2,-2,1,-1,-2,-2,-1,1,-2,-2,-2,-1,1
a0c3cd9e-41d2-58d9-9a66-51cfc2b768df,Flere med funksjonsnedsettelser må få brukerstyrt personlig assistent (BPA).,-1,1,2,1,2,2,-1,2,1,1,1,2,2,2,1,2,2,1
a5909010-064e-5753-85f0-90a07cfcddfb,Det er bedre å kjøpe klimakvoter i andre land enn å gjøre dyre klimakutt i Norge.,1,2,2,-2,2,-2,1,1,2,1,2,-2,1,-2,-2,2,-2,-1
a7a13406-3601-52ec-8851-e7c2501b3f12,Ytringsfriheten er truet i Europa på grunn av politisk korrekte holdninger.,-1,2,2,1,2,2,-1,2,2,1,2,-2,-1,-2,-1,-1,-2,-2
a7d42994-083c-5352-a0ee-c3ec00aa9b3b,Norge har gitt altfor lite pengestøtte til Ukraina etter Russlands store angrep i 2022.,-2,-2,-1,-2,-2,-2,2,-1,-1,-1,-2,2,-1,1,1,-2,1,2
ab1ff0f1-e54b-5c48-b443-56ea08ca3fc4,Å flagge med prideflagg på norske skoler skal være forbudt.,-2,2,-1,-1,-1,-2,-2,-1,1,2,2,-2,1,-2,-2,-2,-2,-2
ba039662-fd21-54b4-984b-5d7345718b66,Vi må ha lover mot bygging på matjord slik at vi dyrker mer av maten vår her i landet.,1,2,1,2,-2,2,-1,1,2,2,2,2,2,2,2,2,2,1
ba0b087e-84a5-5fd1-8ad7-c38a91695633,Dropp ny sammenhengende E39 mellom Kristiansand og Ålgård.,-2,2,-2,2,-2,1,-2,-1,-2,-2,-2,2,-2,-1,2,-2,2,-1
bc7d28a9-9c80-567a-a5dd-0eb7ef058f68,Det er et viktig politisk mål å sørge for at vi får flere barn.,2,2,2,1,1,2,2,2,2,2,2,-1,2,1,1,2,-1,1
c577b1bd-b856-5e08-b301-695d6d6fc4df,Norsk politi bør fortsatt være ubevæpnet som hovedregel.,-1,-2,1,2,-2,2,-2,1,2,-1,-2,2,-1,1,2,-2,2,2
c9fda072-ff26-551c-a4b3-2e4ec5d71a3c,Bru- og tunnelprosjektet Møreaksen mellom Sunnmøre og Romsdal bør droppes for godt.,-2,2,-2,2,2,2,-2,1,2,1,2,2,-2,-2,2,-2,2,-1
cabb2209-c2b6-5c28-8d02-3a92013a39e9,Staten bør bidra med penger til bygging av karbonfangstanlegg på Herøya i Porsgrunn.,1,-2,-2,-2,-2,-2,1,-2,-2,-1,-2,2,1,2,-1,-1,1,1
ce992f0c-fc15-5989-b728-650a32b4e470,Oslo må få mulighet til å forby bensin- og dieselbiler i noen områder.,2,-2,-2,1,-2,-1,1,-2,-2,1,-2,2,-2,1,1,-2,2,2
cf68e088-8fc0-5402-86e0-ade2dca77ac9,NRK bør få langt mindre penger fra statsbudsjettet enn i dag. ,-2,2,1,-2,2,-1,-2,1,2,-2,2,-2,-1,-2,-2,-2,-2,-2
d1d904bd-b4fa-5c93-9acb-49890b51b065,Det er bra at oljeselskapene fortsatt får lete etter olje og gass.,2,2,2,-2,2,2,2,2,2,1,2,-2,2,-2,-2,2,-2,-2
d7867c56-6194-586b-b480-3a90562061f9,Legg ned de nyeste lensmannskontorene som politiet selv syns var unødvendige.,-1,-2,-2,-2,2,2,2,1,2,2,-1,-1,-1,1,-2,-2,1,1
dd1e4ab5-5aab-589b-83d2-9e46540739ab,Staten bruker altfor mye penger.,-1,2,2,-2,2,2,1,1,2,1,2,-1,1,-1,-2,-1,-2,1
e3a2c467-c517-5859-86c0-72a9335995bd,Kommuner bør selv kunne bestemme om det skal bygges handelsparker langs motorveiene.,1,-2,2,-2,2,2,1,1,1,1,2,-2,2,-1,-1,2,-2,-1
e3a85e06-d9d9-53ed-b919-fb7aa9204849,"For å redusere grensehandel bør Norge senke avgiftene på mat, tobakk og drivstoff.",-2,2,2,-1,2,2,1,1,2,1,1,-1,2,-1,1,1,-1,-1
e4bd9b6c-4921-5ca8-98ad-295fb4b1e7e7,Det trengs flere kommunesammenslåinger her i landet.,-1,-2,-2,-2,2,-2,2,-2,-1,-1,1,-1,1,-1,-2,-2,-2,2
ecd801d2-8d0a-54e2-8fce-2bfc97df37b2,Det bør bli lettere å ansette folk i en midlertidig periode.,-2,2,1,-2,2,2,2,1,1,1,2,-1,1,1,-2,-1,-2,2
f220b708-923b-51b9-b9ee-5f9cdbb561fb,Vi må ha strengere regler som hindrer flyktninger i å flytte fra bosettingskommunen.,1,2,2,-2,2,1,2,2,1,-2,2,-2,2,-2,1,1,1,-1
f5f021c6-7e90-584c-a254-75cbb107b5ec,Det bør bygges nye strømkabler mellom Sørlandet og Danmark.,-2,-2,-2,-2,-2,-2,1,-2,-2,-1,-2,2,-2,-1,-2,-2,-2,2
f6e819c2-25df-51ab-802a-ec8e13027218,Dropp bygging av ny Ringeriksbane.,-2,-1,-1,-2,-2,-1,-2,-1,-2,-2,1,2,-1,-2,-1,-2,-2,-2
f78e817b-0924-58a3-8266-ecd41f2e5451,Vi må vurdere å redusere sykelønna fordi den bidrar til høyt fravær fra jobb. ,-2,2,-2,-2,1,-2,-2,-1,-1,1,2,-2,-2,-2,-2,-2,-2,2
f7bd9ac6-9469-50fc-9d9e-f166b7844971,Norge må ta seg råd til å utvide velferdsordningene selv om utgiftene til forsvar øker.,1,2,2,2,2,2,-2,2,1,1,-2,2,2,2,2,2,2,-2
fe9cfba2-7320-57bf-8225-6d26ff2979b0,Tiden for store motorveg-utbygginger bør være forbi.,-1,1,-2,2,-2,-1,-2,-2,-2,-1,-2,2,-1,2,2,-2,2,1
0020bf20-46bd-5c6f-803c-bf19940a1a47,Elevene på barneskolen skal slippe å få hjemmelekser.,-1,-2,2,1,-2,2,-2,1,1,-1,-2,2,1,2,2,1,2,-1
02177bb4-70ec-5d95-9ec3-76a1edb9d76a,Det bør være opp til hver enkelt kommune å tillate bygging i strandsonen.,-1,-2,-1,-2,2,1,1,1,-1,1,2,-2,2,-2,-2,-1,-2,-2
0911d8e4-573b-56f3-aeda-3f13927de830,Det er viktig å bruke penger på å bygge ny teatermusikksal ved siden av Grieghallen.,1,-2,-2,-2,-2,-2,-1,1,1,1,-2,2,2,-2,-1,1,2,2
09f8df3c-750b-56d2-9367-d1934cf0488f,Det må være grundigere tilsyn med koranskoler i Norge for å forhindre radikalisering.,-1,2,1,-2,2,2,2,1,2,1,2,-1,1,-2,1,2,1,1
1158e006-b9e3-521d-a43c-05b80711d379,Det bør være flere rovdyr i Norge enn det rovdyrforliket i Stortinget har fastsatt.,-2,1,1,1,-2,2,-1,-1,-2,-2,-2,1,-2,-1,-2,-2,1,-1
13fea2c0-bafe-5f99-8a1a-f9fe5e0a1529,Motorferdsel i utmark må reguleres strengere.,-1,2,-1,1,-2,2,-2,1,-2,1,-2,2,1,1,2,-2,2,1
178f7164-5d8d-5625-a2ed-e90115f4f50f,Nordland fylkeskommune må få innføre valgfritt sidemål i videregående skole.,-2,2,2,2,2,2,2,-1,2,-2,2,-1,2,-2,1,-2,-2,-1
1bde811d-4083-59ba-9763-800579cf2e7d,Sykehusene må ha langsiktige avtaler med private helsetilbud for å få ned ventetidene.,1,2,1,-2,2,2,2,2,2,1,2,1,2,1,-2,-1,-1,1
1dd66758-d960-50b0-b622-41e431c16cc1,«Lakseskatten» for fiskeoppdrettere rammer distriktsarbeidsplasser negativt.,-2,-1,2,-1,2,2,2,1,2,1,2,-2,-1,-2,-2,-1,-2,-1
2000c40c-c978-5d5d-a5c3-2e69ef06059c,Noen av de store trålernes fiskekvoter bør gis til kystfiskere med mindre båter. ,1,2,2,2,-2,2,-2,1,2,-1,2,2,1,1,2,1,2,-1
232d69ef-19bc-5165-b517-c33a1e9b6190,Det er på høy tid å inngå byvekstavtale for Drammen.,-1,-2,1,1,-2,2,-1,-1,-2,2,-2,2,-2,-1,-1,-1,2,2
233393c4-b132-5936-b055-066ec565931a,Kristne verdier må ut av skolens formålsparagraf.,-1,-2,-1,2,-2,-2,-2,-1,-2,-2,-2,2,-2,-1,2,-2,2,2
258635de-fa94-5c46-afbe-0c1af91c7b59,Det bør åpnes for vindkraftutbygging også i Akershus.,1,-2,-2,-2,-1,-2,1,-2,-2,1,-2,-1,-2,-1,-2,-1,-2,1
267f8ae4-d60f-5f43-9986-432689dee51e,Det bør bygges kjernekraftverk på Mongstad.,-1,1,2,-2,2,1,1,2,1,-1,1,-1,2,1,-1,1,-2,-1
2d15be2d-3f99-5b6d-8732-173f51d7223a,Billighandel fra det kinesiske selskapet Temu bør være forbudt.,-1,-1,-1,1,-2,2,-1,-1,-1,1,-1,2,1,1,1,-1,2,-1
36e7ecfe-17f4-5208-b5ac-fadf14e0a768,Vesten og Nato har et stort ansvar for at det ble krig mellom Russland og Ukraina.,-2,2,-2,2,-2,-1,-2,-1,-1,-2,2,-2,-1,-2,-2,-2,-2,-2
4339125b-4702-57f6-a90b-7ed9d765aa30,Rettighetene til personer med funksjonsnedsettelser må styrkes i norsk lovverk.,2,-1,2,2,1,2,-1,2,1,2,-1,2,2,2,2,2,2,2
48d317a0-55f4-5f51-9b58-0cb8d17221bf,Nedlagte lensmannskontor må åpne igjen.,-2,2,2,2,-2,1,-2,1,-1,-2,2,-1,-2,-2,2,1,-2,-2
4ef75674-252a-4f7c-ac2e-a6c9f3306881,Maksstraffen for de mest alvorlige forbrytelsene må økes til 50 år.,-2,2,1,-2,2,1,1,-1,1,-1,2,-2,-1,-2,-2,-2,-2,-2
53b43ada-41a9-583e-ba9b-04ad10970c2b,Norge må trappe opp bistanden til fattige land nå som Donald Trump avvikler den.,1,-2,1,1,-2,-2,-1,-1,-2,2,-2,2,-1,2,2,1,2,1
5991c2ef-cfb9-5ec6-bc16-fe7a1100f5f4,Det må bygges ut industri i Finnmark selv om dette går ut over natur og miljø.,2,-2,1,-2,2,-2,1,-1,1,1,1,-1,1,-1,-2,1,-1,-2
5b6606e9-9564-5dd8-943c-33789d2137eb,Det bør bygges ut mer vindkraft i Sogn og Fjordane.,1,-2,-2,-2,-2,-2,2,-2,-2,1,-2,-2,-2,-1,-2,-1,-2,1
5baa8b3d-7485-5e1d-a709-f6068fbdd07f,Det bør bygges mer vindkraft på land i Nordland.,1,-2,-2,-2,-2,-2,1,-2,-2,-1,-2,-1,-2,-1,-2,-1,-2,1
5ec0660a-4dce-5b1b-aff4-ca1a1d48ca53,Man bør betale like høy avgift (moms) på bøker som på alle andre varer.,-2,-2,-1,-2,1,-2,2,-1,-2,-2,-2,-2,1,-2,-2,-2,-2,-2
6437f91f-5e87-5be8-b6b5-0f91a1baef5d,Vi kan avvikle en god del av tollvernet som beskytter norsk landbruk. ,-1,-2,-1,-2,2,-2,1,-2,-2,-1,-1,-2,-1,-2,-2,-2,-2,2
6b50ce41-b5c5-5434-a9ac-16fc818ea550,Politiet må ha lov til å ta spyttprøver ved mistanke om bruk av ulovlige rusmidler.,1,2,-1,-2,2,-2,-2,-1,2,2,2,-2,2,-1,-2,2,-2,-2
6c505df9-6f1f-5ab5-b919-9949572820b2,Dødsfall i familien og andre personlige kriser bør gi rett til sorgpermisjon fra jobb.,-1,-1,2,2,1,2,-1,1,-2,2,1,1,1,1,1,-1,1,1
7a502588-3c3d-5b54-a0e7-65b19f53e334,Vi bør skaffe oss kjernekraftverk i Norge.,-1,2,2,-2,2,2,1,2,2,2,2,1,2,1,1,1,-2,1
7d2a9706-f191-5648-924d-7087a1c15b77,Staten bør slutte å gi billigere barnehage til foreldre i Sogn og Fjordane.,-2,-1,-2,-2,-2,-2,2,-1,-1,-2,1,-1,-2,-2,-2,-2,-2,-2
7db76dce-1392-4f42-bb83-6b8c1f2d7778,Norge burde ha erklært at det var uaktuelt å kjøpe forsvarets nye fregatter fra USA.,-2,1,2,2,-2,-1,-2,-1,-1,-1,-2,2,-1,2,2,-1,2,1
83abcb66-a154-52d5-ac51-48d5050b50d1,Reglene for hyttebygging i Agder bør strammes inn.,1,2,-1,2,-2,2,-2,1,1,1,-2,2,-2,2,2,-1,2,2
869655d8-abdc-51eb-9f8a-999de0b7e85b,Likestillingspolitikken har gått ut over menn.,-2,2,1,-2,1,1,-1,-1,2,2,2,-2,-1,-1,-2,-2,-2,-1
879fb411-c4f5-5aa0-bc91-283623199746,Norge bør øke sin militære tilstedeværelse i havområdene rundt Svalbard.,2,1,2,-2,2,2,2,2,1,1,-2,1,2,-2,-2,1,-2,2
8b62e9bf-8896-5702-bec4-0bda71ad6f24,Det bør være billigere å ta buss i sentrumssonen i Trondheim,2,1,2,2,-2,2,2,1,2,1,1,1,2,2,2,1,2,2
8df5f9bf-c900-5f19-9a4e-a6ff14d54b2b,Flyktninger må bo andre steder enn i områder med mange innvandrere fra før.,2,2,2,-1,2,2,2,1,2,-1,-2,-1,1,1,-1,2,-1,1
904896fd-72a1-55e6-9238-7652dcc631c9,Det bør bygges vindkraft på land i Vestfold og Telemark.,1,-2,-2,-2,-2,-2,1,-2,-2,-1,-2,-2,-1,1,-1,-1,1,1
98723b7a-427f-547d-aa78-c1ee6e00749b,"Olje- og gassutvinning utenfor Lofoten, Vesterålen og Senja må konsekvensutredes.",-2,-1,2,-2,2,2,2,1,1,-2,2,-2,-2,-2,-2,-2,-2,-2
99dbaf29-f2c8-55cc-8dfb-0fc794b4b9ab,Staten må betale eldreomsorgen slik at  tilbudet blir likere i forskjellige kommuner.,-2,2,2,-2,2,2,-2,2,1,-2,1,-1,2,-1,-2,-1,-2,-2
9cb40392-aafd-5b7a-843d-961c3628711d,Flytoget bør kunne ta med vanlige jobbpendlere.,2,-2,2,2,-2,2,2,-1,-1,2,-1,2,2,2,2,1,2,2
a5c7d200-f6ba-5303-9603-b90217304a4f,Norge må produsere så mye olje og gass som mulig i tiden som kommer.,2,2,2,-2,2,2,2,2,2,1,2,-2,2,-2,-2,2,-2,-1
a6628a41-2e13-4137-9900-28f6dae8512a,Surrogati skal fortsatt være forbudt i Norge.,2,2,-2,2,-1,-2,2,-2,1,2,2,1,-1,2,2,2,2,-2
a7095041-184f-5a32-9a7b-69afa0b28972,Sametinget bør ha mer makt.,-1,1,-1,2,-2,1,-1,-1,-1,-1,-2,2,-1,2,2,-1,1,-1
abcd1c58-76f3-5174-9107-75438923ce78,Jeg bør ha rett til å jobbe hjemmefra om jeg har en jobb jeg kan gjøre hjemme.  ,1,1,2,2,-1,2,-1,1,1,1,-2,1,-1,1,-1,1,-1,1
b5aa3c06-1dd7-5c6f-bebb-32e8af615ee7,Rørosbanen må elektrifiseres.,1,2,2,2,-2,2,-1,1,2,-2,-2,2,2,-2,2,2,2,-1
bc50a6ed-0f02-5290-ba1a-c5dc2349aa1e,Vi bør bruke mer offentlige penger på pressestøtte som styrker norske aviser og medier.,2,-2,2,2,-2,-2,-1,-1,-1,-1,-2,2,1,1,2,2,2,1
c11d13fd-83b4-5a20-b841-137b06c66d33,USA burde ikke få stasjonere soldater på Værnes.,-2,1,-2,2,-2,-1,-2,1,-2,-2,-2,1,-2,1,2,-2,2,-2
c4b5c86b-d577-5a3d-93fe-a7c89cba61c7,Studenter må få mer støtte fra lånekassa.,1,1,1,2,1,1,1,1,1,1,1,1,1,1,2,1,2,1
cb852047-223e-54c0-ac2c-483d9268efb9,Norges første kjernekraftverk bør ligge i Halden i Østfold.,2,1,2,-2,2,1,2,2,1,2,2,1,2,1,2,1,-1,2
d1000de2-f9ff-54c0-9b20-8515517681a7,Skattene på fritidsboliger og bolig nr 2 kan gjerne bli høyere.,-1,-2,-2,2,-2,-2,-2,-1,-2,-1,-2,2,-2,-1,2,-1,2,-1
d57e26b7-373e-513d-b98c-5f457ce87838,Det er feil at Stavanger universitetssjukehus må låne penger til nytt sykehus.,1,2,2,2,2,2,-1,-1,2,2,2,2,2,2,2,2,2,2
e34406e2-abb8-5b74-8a5e-9281a5bcff01,Oslo må få flere lokale politiposter.,2,2,2,2,1,2,-1,1,2,-1,1,1,2,-1,1,2,2,-1
e67ea1c7-3229-54fe-88ae-b04ba02d8ba0,Alle nordmenn bør få skattelette.,-1,2,1,-2,2,1,2,1,2,1,2,-1,1,-1,-1,-1,-1,1
eb131bc0-d99b-5181-9618-9f73024ce1cb,Det er lurt at folk som bor i Distrikts-Norge får billigere barnehage enn andre.,1,2,2,-2,-2,2,-2,1,1,1,-2,1,-1,-1,1,2,1,-2
ee79cfc6-ddf6-5115-a67c-91fa940471b9,Det bør være enklere å få skyte rovdyr som angriper husdyr.,2,1,2,-2,2,-2,2,-1,2,1,2,-2,1,-2,1,2,-1,-1
f4647c59-9f99-58f5-990a-0e45a9245a75,Åpne opp for regulert salg av cannabis!,-2,-2,-1,-1,-2,2,-2,-1,-1,-2,-2,2,-2,-2,2,-2,-2,2
fb569232-1547-5c0c-9cbe-213d3b9e1f42,Bompenger må til for å sikre turistattraksjonen Trollstigen mot ras.,1,-2,-2,1,-2,-2,2,-2,-2,2,-2,1,-2,-1,-2,1,2,2
024e4ef7-f3c1-512d-b0b9-cd914318c226,Det er bra at vi har formuesskatt i Norge.,2,-2,-2,1,-2,-2,-2,-1,-2,-1,-2,1,-2,-1,2,1,2,-1
08babba4-56d3-5986-a0e6-b7a77f63a6d1,Trossamfunn med statsstøtte må selv få bestemme om kvinner kan sitte i styrene deres.,-2,-1,-1,2,1,-2,-2,-1,1,2,2,-1,-2,-1,-2,-1,-2,-1
08bc846f-ff3a-56eb-9d36-d184f604497c,Havbruksnæringen må vokse slik at Norge produserer mer fisk fra oppdrettsanleggene.,2,-2,2,1,2,-2,2,1,1,1,1,-2,-1,-1,-2,2,-2,1
141cf79e-b726-582b-909e-3ab6262b8026,Småbarnsforeldre bør ha rett til kortere arbeidstid enn andre.,-1,1,1,1,-2,2,-2,-1,-1,2,-2,2,-1,2,1,1,-1,-1
17360dce-042d-51f1-9879-520e4c2254f0,Vi bør ha flere politifolk enn vi har i dag.,1,2,1,1,2,2,2,1,2,1,2,-1,2,1,1,2,1,1
24558d69-e07e-5e27-a480-ae38b27ebcc7,Eldreombudet bør gjenopprettes med kontor i Møre og Romsdal.,-2,1,2,2,2,2,1,1,2,2,-1,1,2,2,2,-1,-1,1
2b20bdae-587c-5fc1-9528-356ad615b84a,Barn og unge må få lovfestet rett til fritidsklubb.,-2,-2,2,2,-2,2,-2,-1,1,-1,-2,2,2,2,2,1,2,-2
32f12732-25ab-505a-bded-ed07409cfc58,"Haslemoen militærleir i Våler, som ble nedlagt i 2003, må gjenoppbygges.",-1,2,2,1,1,1,-1,1,2,1,2,1,2,-1,2,2,1,2
3defc756-2611-5a86-9d80-1e506dca4f9d,Skattepolitikken gjør det for tøft å være gründer i Norge.,-2,2,2,-1,2,2,2,2,2,1,2,1,1,-1,-2,-1,-2,2
4e900910-6853-5b24-9b26-34a3599d34ab,Innføring av turistskatt i turistkommuner er lurt.,2,-2,-1,2,-2,2,1,-1,-1,1,-2,2,1,2,2,1,2,1
541f30be-722d-5763-b922-3f392b3e9b48,"UNN må bli bedre organisert, heller enn å bevilges mer av skattebetalernes penger.",1,-1,2,-2,-2,-1,1,2,1,2,-2,-1,-2,-1,-2,-1,-2,2
54d3f351-7c81-53e9-b17c-62f6c01455d0,En norsk regjering må stå tydeligere opp mot Donald Trump enn vi har gjort så langt.,-2,-2,1,2,-1,-1,-1,-1,-1,-1,-2,1,2,2,2,-1,2,2
54fce74d-dd33-5c3f-9ac1-1d17cd8076a9,Dårlig kommuneøkonomi er ikke en god nok grunn til å bygge vindmøller i Trøndelag.,1,2,2,2,2,2,1,2,2,1,2,2,1,1,2,2,2,1
56a99828-b4fe-5dd2-a2c5-aa346f744d07,Vi bør bygge ut mer vindkraft i Hordaland.,-1,-2,-2,-2,-2,-2,2,-2,-2,1,-2,-2,-2,-1,-2,-1,-2,1
59bdea78-8384-52a6-8d99-117a73afadd7,Det er bra å bygge gondoler i Kjøsnesfjorden og Flåm.,1,-1,2,-2,2,-2,1,1,1,-2,2,-2,1,-2,-2,-1,-2,-2
59dc237d-f3d4-51b6-9490-394e32cd6a41,Vi må ha en samtykkelov for å sikre at seksuell omgang skjer frivillig.,2,-2,-2,2,-1,2,2,-1,-1,2,-2,2,1,2,2,1,2,2
5ea0df5c-7a25-50d1-89b6-8754a35eab0c,Lærerutdanningen er for lang og bør bli treårig igjen.,-2,2,1,1,1,1,-2,1,2,-1,1,-1,-1,-2,1,2,1,-2
6218f62a-61b7-5431-a749-174daeacd7ba,Oslo Lufthavn må kunne utvides med enda en rullebane.,-1,-2,2,-2,2,-1,1,-2,-2,-1,1,-2,-1,-2,-2,-2,-2,-2
683ee255-f1ca-56be-9114-8819896f8f56,Vern av matjord i Trøndelag bør gå foran boligbygging. ,1,1,-1,2,-1,2,2,2,2,2,1,2,1,1,2,2,2,2
6e148177-c9bb-584c-bd53-3f7b1d40d1e6,Man bør få gå i behandling hos BUP fram til man fyller 25 år,-1,1,2,1,1,2,2,1,1,2,1,2,1,1,1,1,-1,1
780e202b-137a-515c-8d1b-159e4e154032,Drivstoffavgiftene må bli lavere.,-1,2,2,-1,2,2,-1,1,2,-1,2,-2,2,-1,-1,2,-2,-2
786a0a99-46e2-5cd7-9df7-71b79508ff21,Flere bønder bør produsere økologisk mat.,1,2,2,2,-1,2,-1,2,1,-1,2,2,1,2,1,-1,2,2
79fff073-4f46-595c-ae3b-70510820360b,Retten til lærlingplass bør være lovfesta.,1,2,2,2,-2,2,-1,1,-1,2,-2,1,-1,2,2,1,2,-1
91a223ca-6636-4026-8fc0-2555e664422f,Innfør et nasjonalt månedskort som gjør at du kan reise billig kollektivt overalt.,-2,2,2,2,-2,2,-2,2,-2,-2,-1,2,-2,2,2,1,2,1
a66ab96f-ff76-53c3-8281-0151921b30ce,Syriske flyktninger må reise tilbake når hjemlandet er trygt.,1,2,1,-2,2,2,1,1,2,-2,2,-2,2,-2,-2,1,-2,-1
aac89c40-628a-5526-9f63-2940b6781043,Genmodifisering bør være tillatt i norsk landbruk.,1,-2,-1,-2,2,-1,1,-2,-1,1,-2,-1,-2,-2,-2,-2,-2,1
b380719b-3b4e-55f6-9892-ccdbf5a0c8a1,Det er unødvendig å bygge firefelts motorvei mellom Lyngdal og Sandnes.,-1,1,-2,1,-2,1,-2,-2,-2,-2,-2,2,2,2,2,-2,2,-1
b72e6be6-3dee-56ce-bd0f-5fb235345c33,"Utbyggere må ta kostnaden ved å bygge bomberom i  alle nye, større bygninger.",1,-1,2,1,-2,1,1,-1,1,-1,-2,1,-2,1,1,2,2,-1
b7341ade-93b7-5941-845d-59d28699793e,Landet må ha en offisiell liste over norsk kulturarv som nye generasjoner skal lære om.,2,2,1,-1,-1,1,2,1,2,1,2,-2,1,1,-1,1,-2,-1
b9fe11a4-da32-5505-8399-366f1a69d136,Det må bli mindre hyttebygging i viktige fjellområder i Hallingdal og Numedal.,1,2,-2,2,-1,2,-2,1,1,1,-1,2,1,2,2,1,2,2
bd8c106c-c7d7-549b-af42-e9662d7e821a,Universitetet i Agder må legge til rette for flere studieplasser i distriktene.,2,2,2,2,-1,2,-1,1,2,2,-2,1,1,2,2,2,2,2
c8fec85a-4557-50f1-8e00-55ca980d0e27,Bygging av ny vestfoldbane sør for Tønsberg må igangsettes i neste fireårsperiode. ,-1,1,2,2,1,2,1,-1,2,-1,-1,2,2,2,1,-1,2,1
cbf66d90-68a4-5e5b-ab15-d71763be5bff,Pensjonsalderen bør heves.,1,-2,-2,-2,-2,-2,2,-1,1,1,1,-2,1,-1,-2,-1,-2,1
cc9f33de-11d6-5a82-8f76-b1b9775a9e9d,Jeg synes det var bra å utvide grensen for fri abort til uke 18 i svangerskapet.,2,-2,2,1,-1,2,1,1,-1,-2,-2,2,-1,2,2,-1,2,2
dc4dd44d-3465-597a-8a04-fd070df0bf24,Sykehjemsansatte må ta en språktest som viser at de kan gjøre seg forstått på norsk.,1,2,2,-1,2,2,1,1,2,2,2,2,2,-1,-1,1,1,1
f2ab78f5-097f-5757-9406-5615dc6f9da8,Ulven har ingenting i norsk natur å gjøre.,-1,-1,-2,-2,2,-2,-1,-1,1,-1,1,-2,-1,-2,-1,2,-2,-2
f85ae74d-b48d-56d5-93b4-f329c9316175,Staten bør ta mesteparten av kostnadene for nitrogenrensing av Oslofjorden.,-1,2,2,1,-1,2,-1,2,2,1,2,2,2,2,1,1,1,1
095719a3-ff80-5b6c-8ac4-e0e7b8e7da08,Norge må ruste ned og bruke mindre penger på Forsvaret.,-2,-2,-2,2,-2,-2,-2,-2,-2,-2,-2,-2,-2,-2,-2,-2,-2,-2
12f5aa9f-4574-5126-b551-b2b784c315c5,Det bør legges til rette for lovlige graffitivegger i Agder.,2,-2,1,2,-2,2,-2,1,1,2,-2,2,-1,2,2,2,2,2
1f1086df-bc09-5121-a939-29df16653b5c,Norge skal prioritere å ta imot kristne flyktninger.,-2,2,1,-2,2,1,-1,-1,-1,2,2,-2,-2,-2,-2,-1,-2,-2
22374890-b06a-4f85-9d71-ac482bf962d4,Norske myndigheter har påført folket sykdom gjennom kostholdsrådene.,-2,-2,-2,-2,-2,-1,-2,2,-2,-2,2,-2,-2,-2,-2,-2,-2,-2
226e8783-7408-59ea-ac29-3750ec704dbc,Åpne oppdrettsanlegg bør forbys av miljøhensyn.,-2,-1,2,1,-1,2,-2,1,1,-1,-1,2,1,1,2,-1,2,1
2a7a84fc-69d5-5a2c-b79c-274d2f083144,Alle vindkraftanlegg som finnes i Norge i dag må demonteres og fjernes.,-2,2,2,-1,-2,2,-2,1,2,-2,2,-2,-2,-2,1,-2,-2,-2
2d576079-1b83-5579-a33c-9eb57f63b0f1,Vi bør kutte litt i budsjettene til alt staten driver med hvert år.,-2,2,2,-2,2,2,2,-1,2,2,2,-2,-1,-2,-2,-1,-2,1
34810fcd-c1f4-5d92-a69c-b6e76b055a85,Foreldre må kunne reservere barna sine mot Pride-markeringer på skolen.,-2,2,-1,1,1,2,-2,1,1,1,2,-2,-1,-2,-2,-1,-2,-2
39e54a15-8cbd-5720-86f0-0eddbf9a1271,Erna Solberg bør være statsminister de neste fire årene.,-2,-2,-2,-2,1,-2,2,-2,-2,1,1,-2,1,-1,-2,-2,-2,1
43b907eb-fc52-55ac-8a66-10ccdd6fb5bb,Sidemålsundervisning bør være valgfritt på Vestfolds videregående skoler.,-2,-2,2,2,2,2,-2,1,2,-2,2,-1,2,-1,1,-2,-2,1
4c76a173-c69f-51e6-ba2f-875f402c57f1,Flere butikker bør få holde søndagsåpent.,-2,-2,-1,-2,2,1,2,-1,-1,-2,-2,-2,1,-2,-2,-2,-2,2
5bf575de-de58-5691-9854-c1b985eff297,Vi må samarbeide mindre med EU om strøm og kraft.,-1,2,2,2,2,2,-2,2,2,1,2,-2,2,-2,2,2,1,-2
6bcffc15-b660-56df-99d8-8a62e6f07e27,Vi bør ha et samfunn helt uten kapitalisme som mål.,-2,-2,-1,1,-2,-2,-2,-2,-2,-2,-2,-1,-2,-2,2,-2,1,-2
75b3e756-613a-5a37-af40-4661214d152f,Norge bør gå ut av Parisavtalen om klimakutt.,-2,2,2,-2,-2,2,-2,1,2,-2,2,-2,-1,-2,-2,-2,-2,-2
7f537aa6-4928-5f3f-9719-8a6b478341c9,Sylvi Listhaug er den beste statsministerkandidaten.,-2,-2,-2,-2,2,-2,-2,-1,-1,-1,1,-2,-2,-2,-2,-2,-2,-2
8b34e384-7a8e-5e1a-8962-04bc6d84d3ae,Det må etableres et statlig mineralselskap for å sikre norsk eierskap på Fensfeltet. ,-2,1,2,2,-1,2,-1,1,2,-1,2,1,1,2,2,2,2,-1
91108d18-fcc8-5f97-a015-b3e24f56361f,Rike kommuner i hovedstadsområdet må få beholde mer av skatteinntektene sine selv. ,-2,1,1,-2,1,-1,2,1,2,-1,2,1,2,-1,-2,-2,-2,2
925a56ff-63fa-5b4b-85fc-b03b000b740b,"Bønder må få selge sterkøl, vin og brennevin fra egne gårdsutsalg.",2,2,2,1,2,2,2,1,2,-2,1,2,1,-1,1,2,2,2
932fd856-4738-5f12-8bef-9eb721feac94,Staten bør forsterke støtten til kulturtilbud som skaffer seg private sponsorer.,-2,-1,1,-2,2,-1,2,-1,1,1,-1,-2,-1,-1,-2,-2,-2,2
a60f4fbe-a3f1-518d-8512-1fa3d2668a91,Samiske asylsøkere fra Russland må få beskyttelse i Norge. ,-1,-2,1,2,-2,2,-2,1,1,-1,-2,2,1,2,2,-1,2,-1
add97dae-fa48-5805-b4a5-2716ba886ac2,Alle bør ha rett til gratis psykisk helsehjelp.,1,2,2,2,1,2,1,1,1,1,1,2,1,2,2,1,2,1
b356a436-2679-569b-894a-505baf7000d1,Bedre forhold for villreinen er viktigere enn kraftutbygging i Røldal og Suldal.,1,2,2,2,-2,1,-2,-1,1,-1,1,2,-2,2,2,-1,2,-1
b3737696-6ac6-58c3-b1b3-a1d74862360f,Det er bra at det finnes ulv i skogene i Akershus.,1,1,1,2,1,1,1,-1,1,-1,-2,2,2,1,2,-2,2,2
b66bc160-031c-526d-bf91-83f924ff8cd7,"De som er avhengige av sosialhjelp, får altfor lite penger.",1,-1,2,2,-2,2,-2,1,1,1,-2,2,1,2,2,1,2,1
bcb8de9f-87fd-50bc-9d8e-eb36c364469a,Det må bli færre krav til universell utforming av nye bygninger.,-1,2,-2,-2,1,2,-1,1,2,-2,2,-2,-2,-2,-2,-2,-2,-2
c51924f0-9b7a-5156-8351-1fd1fc4a3f9f,Gi all ungdom billige fritidsaktiviteter gjennom et nasjonalt rabattkort betalt av staten.,1,-2,2,1,-2,1,-1,1,1,2,-2,1,2,1,2,-2,1,1
c54222a1-f817-5742-b6fa-1d156f5b4ccc,Det må bli slutt på at kommunene får lov å kreve inn eiendomsskatt på boliger.,-2,2,2,-2,2,2,-1,2,2,-1,2,-2,2,-2,-2,-2,-2,-1
ccf5cc6e-320c-5d0d-85b4-05afa2289bf1,Sykehusene bør styres av lokale helsestyrer som folket velger. ,-2,1,1,1,-1,2,-2,2,2,-1,-1,1,-1,1,1,1,1,-1
ce248afe-c61c-54bf-a809-36a005a2c2c1,Kutt CO₂-avgiften for fiskeflåten.,2,2,2,1,2,2,2,2,2,2,2,-2,2,2,-1,2,-1,-1
ce5c9036-ecfe-5bdd-8f64-04ec25d96b1e,Buskerud fylkeskommune må legges ned.,-2,2,1,-2,2,2,1,-1,2,-2,2,-2,-1,-2,-2,-2,-2,-1
d822d5e3-52f5-556b-bd88-b24cd633db40,Vi bør prioritere å få bedre nattogtilbud mellom norske og skandinaviske byer.,-1,2,1,2,-1,2,-1,1,2,-1,-1,2,-1,2,2,1,2,2
ddd4d406-c397-55c5-bf13-dbd71b77578f,Jonas Gahr Støre bør være statsminister de neste fire årene.,2,-2,-2,1,-2,-2,-2,-2,-2,-2,-2,1,-1,1,1,1,1,-2
de7af7f3-440f-4819-a1eb-f36e4e226dfd,Politikerne bør begrense matvarekjedenes produksjon av egne merkevarer.,1,1,2,2,-1,2,-1,1,2,1,1,1,-1,-1,2,2,2,1
eaebb5db-2b93-59b0-a80f-f737b2983a77,Det er for mange små norske gårder.,-1,-2,-2,-2,2,-2,1,-2,-2,-2,-2,-2,-1,-2,-2,-2,-2,-1
f4db9f65-3097-5f8d-b145-ad9071101c72,Jeg synes eldre som bor på sykehjem bør betale mye mindre for plassen enn i dag.,-2,2,2,2,-1,2,-2,1,2,-2,1,-2,2,1,2,-1,-1,-2
f9645347-d5b2-54db-96ed-b49a55ad3b94,Norge bør fortsatt samarbeide med Trumps USA om sikkerhetspolitikk.,2,2,1,-2,2,2,2,1,2,2,2,-1,2,-1,-2,2,-1,2
fb35f433-21fe-5442-80b0-fa2155504277,Biodrivstoffabrikken i Åmli bør sikres med penger fra staten.,1,-2,-2,2,-2,1,-2,-2,-2,1,-2,1,-2,1,2,1,-1,-1
fbf9948d-a785-587d-8b5c-16ce440732a7,Soldater fra USA må fortsatt kunne trene og oppholde seg  på militærbaser i Norge.,2,-1,2,-2,2,2,2,1,2,2,2,1,2,-1,-2,2,-2,2
2be3d383-0abb-5555-94d6-6bf4a3299a21,Norske myndigheter må bryte all kontakt med Israel.,-2,-2,-1,2,-2,-2,-2,-1,-1,-2,-2,-1,-2,-2,2,-2,-1,-2
349c0309-807f-576d-bb15-970416decba5,Barnehage og skolefritidsordning bør bli gratis for alle barn.,1,-1,2,2,-2,2,-2,1,1,-1,-2,1,-1,1,2,-1,2,-1
45c800a9-7130-5142-8f8a-4d13c844f04a,Bompengesatsene i Ryfast skal minst ned til 30 kroner.,-1,2,2,2,2,2,-1,2,1,1,1,-1,2,2,2,-1,1,-1
51c86e5a-5685-5dbd-8f91-bcb9b15cf18a,Det bør bygges en jernbane mellom Narvik og Bardufoss.,2,2,2,2,2,2,-1,1,2,2,-2,2,2,-1,2,2,2,1
5b48d88a-1994-5e3f-951d-49ecd72b30b6,Folket skal ha rett til å kreve bindende folkeavstemninger i mange saker.,-2,2,-1,-2,1,2,-2,-1,1,-2,-1,-2,-2,-2,-1,-2,-2,-2
941b11d1-510a-59d5-89d5-cbc8c521572b,Straffenivåene i Norge  må heves for å avskrekke kriminalitet.,-1,2,1,-2,2,2,2,1,2,1,2,-2,2,-1,-1,-1,-2,-2
adb38019-446c-533c-8648-40e350c72c0a,Landbruksstøtten bør dreies fra kjøtt til grønt for å bidra til et bedre kosthold.,-1,-2,-2,1,-2,-1,1,-2,-2,-1,-2,2,-1,2,2,-2,1,2
dd4478f1-28d0-598d-8b5e-8aa21a2b4633,Staten må sikre gode kirkelige tjenester i alle kommuner i Finnmark.,1,1,-2,-1,1,-2,2,1,-1,2,2,-1,1,1,1,2,-1,-2
e191806f-057d-5764-9052-354c3dc52586,Jeg er bekymret for at Norge er i ferd med å bli et land med islamsk styre. ,-2,2,-2,-2,1,-2,-2,-2,1,-2,2,-2,-2,-2,-2,-2,-2,-2
e3d9aafd-a317-505c-b550-05fd30f6828b,Trekk Norge ut av det europeiske kraftsamarbeidet i energibyrået ACER!,-2,2,2,2,1,2,-2,2,2,-1,2,-2,2,-2,2,2,2,-2
06f9d698-a5a3-40d8-b4c1-da7cebed1f82,Vi må kreve at de som velges til Stortinget har minst fem års arbeidserfaring.,-2,2,2,-2,-2,2,-2,1,2,-2,2,-2,-2,-2,-2,-2,-2,-2
0c27b951-8ebc-4381-8547-e7321a86dec1,Norge bør prioritere å gi asyl til hvite flyktninger fra Sør-Afrika.,-2,2,-2,-2,-2,-2,-2,-2,-2,-2,2,-2,-2,-2,-2,-2,-2,-2
1f62b8ed-2c05-5cf3-bab7-1f1b52ca8aee,Skolen og samfunnet må legge mye mer vekt på å bevare kristne tradisjoner.,1,2,1,-2,1,-2,-1,1,1,2,2,-2,1,-1,-2,1,-2,-2
9276e73e-f371-5beb-bad4-4d0c167bace9,Lærere må få mer autoritet i klasserommet.,2,2,2,1,2,2,2,1,2,-1,2,1,2,1,1,1,-1,1
9bdfa2af-7e2b-4670-9066-8a6ebdfbf024,Nordmenn bør betale høyere avgifter på flyreiser der det fins alternative reisemåter.,-1,-2,-2,2,-1,-2,-2,-1,-2,-1,-2,2,-1,2,2,-2,2,2
c3484a5b-2af7-5944-b990-e5c2133f81de,Norge må være helt selvforsynt med mat og medisiner.,1,2,2,1,-1,2,-1,-1,1,1,1,1,1,-1,1,1,1,-1
d91149f7-ff51-5e92-803e-0bda07cfd0fc,Det er viktig å styrke rettighetene for transpersoner som søker asyl i Norge.,1,-2,-1,1,-2,-2,-1,-1,-1,-2,-2,2,1,2,1,-1,2,1
db598745-2717-52ff-af84-5ab2d6c32955,Reklame for usunn ultraprosessert mat skal være forbudt.,-1,-1,-1,2,-2,2,-2,1,1,-1,-1,-1,-1,-2,1,-1,-1,-2
