Spørsmål ID,Original ID,Spørsmål,Rekkefølge,Kategori ID,Kategori,Kategori Slug,Beskrivelse
1f0e9ead-3332-436f-84c3-66cf56af9c78,356,Barnehage bør være gratis for alle,0,62,Barn og familie,family,"Uavhengig av om barn går i privat eller offentlig barnehage, må man betale for tilbudet.  Noen mener barnehage bør være gratis for alle.  Noen mener at det kun skal bli gratis for lavinntektsfamilier.  Andre mener dagens ordning fungerer bra. "
ba0f4a94-0bed-4f9b-bfe1-1454037beee2,355,Dagens foreldrepermisjon bør utvides,1,62,Barn og familie,family,"I dag kan foreldre få permisjon i 49 uker med full utbetaling, eller 53 uker med 80 prosent utbetaling.  Noen ønsker å utvide ordningen til 53 uker med full utbetaling. Andre vil beholde dagens regler, altså 49 uker med full utbetaling. "
54f14a2c-f8b7-41c5-8918-b666208e16d2,358,Kontantstøtten bør avvikles,2,62,Barn og familie,family,"Dersom barnet ditt er mellom ett og to år og ikke går i fulltidsbarnehage, har man rett på økonomisk støtte fra staten, såkalt kontantstøtte.  Noen mener kontantstøtte er negativt for blant annet likestilling og integrering fordi det legges mer til rette for å være hjemme med barna.  Noen vil erstatte kontantstøtten med en støtte for dem som venter på barnehageplass, såkalt ventestøtte.  Andre mener kontantstøtte er positivt fordi det gir familier større valgfrihet og mer tid med barna. "
8a2473d6-0a57-4ae6-9eb6-d3e8d06e1785,359,Småbarnsfamilier bør få en ekstra ferieuke,3,62,Barn og familie,family,"Noen mener foreldre med barn under ti år bør få en ekstra ferieuke, fordi de mener det vil passe bedre med barnets ferie fra skole og barnehage, og fordi de vil gi barnefamilier mer fri.  Andre mener dette vil koste for mye. Andre er imot en ekstra ferieuke fordi de mener at det er bra at barna kommer tilbake til skolen eller barnehagen på det tidspunktet de gjør i dag. "
ca069529-adaf-400e-994a-ec23bc92839d,354,Mindre av foreldrepermisjonen bør være låst til far eller medforelder,4,62,Barn og familie,family,"I dag er foreldrepermisjonen på 49 uker totalt, og tredelt i tre nesten like lange deler: én del til hver av foreldrene og én del foreldrene kan dele fritt mellom seg.  Noen mener at tredelingen bør skrotes, og at foreldre selv bør kunne fordele hele foreldrepermisjonen fritt mellom seg.  Andre mener at delen som tilhører far eller medforelder bør kortes ned.  Andre igjen mener tredelingen fungerer godt slik den er i dag. "
573b2eff-d304-46e1-8dd3-e69fc1dfc90e,357,Det skal være lov å tjene penger på å drive barnehage,5,62,Barn og familie,family,"Barnehager kan driftes av kommunen, ideelle eller private aktører.  Noen mener det kun er ideelle aktører som bør kunne drive barnehage privat, og at det ikke bør være lov å tjene penger på driften.  Andre mener private aktører kan være et fint supplement til de offentlige og ideelle aktørene. "
69f66f2e-f20e-413c-afcd-9f9e340a4874,361,Staten bør finansiere gratis prevensjon til alle,6,62,Barn og familie,family,I dag får kvinner mellom 16 og 21 år økonomisk støtte til prevensjon fra staten.  Noen mener denne ordningen bør utvides noe.  Noen mener gratis prevensjon bør gis til enkelte aldersgrupper. Andre vil gi gratis prevensjon til alle.  Andre igjen mener dagens ordning er god nok. 
4445258b-e56a-49d4-96ea-8775aa83b583,360,Å tjene penger på å drive barnevernsinstitusjon bør forbys,7,62,Barn og familie,family,I dag kan kommersielle aktører drive barnevernsinstitusjoner.  Noen mener det er feil å tjene penger på barnevernet og at dette kan føre til et profittjag i tjenesten.  Andre mener at det er bra at private aktører kan supplere det kommunale barnevernet. 
05d29844-e32b-4127-95de-d09cdbd05dcc,362,SFO bør være gratis,8,62,Barn og familie,family,"Noen mener skolefritidsordningen (SFO) (enkelte steder kalt aktivitetsskolen (AKS)) bør være helt gratis for alle.  Noen mener at kun lavinntektsfamilier burde få det, og noen vil redusere prisene for alle.  Andre igjen mener at det blir for dyrt å redusere prisene for SFO."
4e0960a7-8856-4957-bf6f-cc101c2c9ef5,363,Norge bør ta imot flere kvoteflyktninger enn vi gjør i dag,9,61,Innvandring og integrering,immigration,Kvoteflyktninger er flyktninger FN har vurdert og bestemt at trenger beskyttelse. Det er Stortinget som avgjør hvor mange kvoteflyktninger Norge skal ta imot i året. I 2025 skal Norge skal ta imot 500 kvoteflyktninger. Dette er en nedgang fra de siste par årene.  Noen mener vi ikke skal ta imot noen kvoteflyktninger.  Noen mener dagens nivå er bra slik det er i dag.  Andre vil ta imot langt flere kvoteflyktninger enn vi gjør i dag.
acfad062-76c6-4688-a11a-447561f26d30,365,Det bør innføres forbud mot å bruke hijab i grunnskolen,10,61,Innvandring og integrering,immigration,"I dag er det lov for barn å bruke hijab i grunnskolen, ifølge Grunnloven.  Noen mener at barn ikke burde få lov til å bruke hijab på barne- og ungdomsskolen fordi de mener det hindrer likestilling og fordi de frykter at disse barna opplever undertrykkelse.  Noen mener et forbud mot hijab vil skape utenforskap og segregering dersom forbudet medfører at foreldre for eksempel velger å ta disse barna ut av skolen.  Andre igjen mener dette må være opp til foreldrene å vurdere dette. "
98ce1784-b080-4663-b50f-98bc42c8d409,364,Dagens språkkrav for norsk statsborgerskap bør fjernes,11,61,Innvandring og integrering,immigration,"For å få norsk statsborgerskap må man bestå en prøve i norsk muntlig.  Noen mener dette ikke burde være et krav. De mener at andre krav, som for eksempel hvor lenge man har bodd i Norge bør spille inn i vurderingen og kan være like viktig for å sikre god integrering.  Andre mener det er viktig å fortsatt ha et språkkrav for å sikre god integrering.  Andre igjen mener at dagens krav bør økes for å sikre god integrering. "
4438f186-af55-47ca-9e9b-0df880913b78,367,Kristne flyktninger bør prioriteres til Norge,12,61,Innvandring og integrering,immigration,Noen partier mener vi bør prioritere å hente kristne flyktinger til Norge.  Andre mener det er feil å prioritere flyktningene på grunn av religionen de har.
be3267bd-5924-4f6a-8557-41803b5f6d31,368,Det bør være en tidsfrist på å trekke tilbake statsborgerskap,13,61,Innvandring og integrering,immigration,"Dersom det viser seg at noen har fått statsborgerskap på feil grunnlag, kan myndighetene tilbakekalle statsborgerskapet, uavhengig av hvor lenge man har bodd i Norge.  Noen mener det burde settes en tidsfrist (også kalt foreldelsesfrist) på dette, for å sikre at de som har levd i Norge i lang tid ikke risikerer å miste statsborgerskapet.  Andre mener at de som har fått statsborgerskap på feil grunnlag må fratas det, uavhengig av tiden som har gått. "
0ea7ad55-9b7c-455a-b32e-6a003a946916,366,Kravet om en viss inntekt for å få familiegjenforening bør fjernes,14,61,Innvandring og integrering,immigration,"For å få familiegjenforening i dag må personen som bor i Norge kunne dokumentere at de har en inntekt over et visst nivå, for å kunne forsørge den som søker oppholdstillatelse. Nivået ligger i dag på rett under 400.000 kroner, ifølge Utlendingsdirektoratet (UDI).  Noen mener dette ikke burde være et krav, mens andre mener inntektskravet bør være høyere enn det er i dag."
e2d67ec9-7190-430f-89f5-a6fd6bbbd6f1,369,Asylsøkere som kommer til Norge bør sendes til asylsentre i utlandet,15,61,Innvandring og integrering,immigration,"Noen mener at asylsøkere som kommer til Norge heller bør sendes til trygge asylsentre i utlandet, mens de venter på å få asylsøknaden sin behandlet.  Tilhengere mener at dette kan gi et mer effektivt og bærekraftig asylsystem.  Andre mener dette er feil og at Norge må sørge for å ivareta asylsøkere som kommer hit innenfor våre egne landegrensene."
1b06e5e6-9441-4e89-895e-03ff5637c568,370,Det bør være lov å tjene penger på å drive asylmottak,16,61,Innvandring og integrering,immigration,"Norske asylmottak driftes av offentlige, ideelle og kommersielle aktører.  Noen mener kommersielle aktører ikke bør få drifte mottakene, fordi de mener at man ikke skal kunne tjene penger på asylmottak. Andre mener de bør få fortsette å drive, og at dette kan bedre tilbudet."
b3f2939e-6ff4-4262-a580-45c4c62dd2c0,371,Utlendingsnemnda (UNE) bør erstattes med en domstol for å avgjøre asylsaker\n\n,17,61,Innvandring og integrering,immigration,"Dersom en asylsøker får avslag på søknaden sin hos Utlendingsdirektoratet (UDI), kan vedkommende klage til Utlendingsnemnda (UNE). Noen mener at nemnda bør erstattes med en domstol som kan avgjøre om asylsøkeren får et endelig avslag, fordi de mener dette gir bedre rettssikkerhet. Andre mener man heller burde jobbe for at UNE skal ligne mer på en domstol, heller enn å erstatte den. Andre igjen mener dagens ordning ivaretar rettssikkerheten godt nok. "
910ab3ab-2f0d-4b14-b5ca-981d6fe8a253,372,Asylsøkere som har vært i Norge i over ti år bør få varig opphold,18,61,Innvandring og integrering,immigration,"Noen partier vil gi asylsøkere som har vært i Norge i over ti år, og som staten ikke har klart å returnere, varig opphold (amnesti).  Andre partier mener vi ikke skal ha en slik ordning. "
94594cdb-e5dd-4575-95f4-3234ffaf2840,374,Bompenger bør avskaffes,19,60,Trafikk og samferdsel,traffic,"Bompenger er en avgift bilister betaler for at man bruker veiene man kjører på. Bompenger folk betaler er ofte øremerket spesifikke veiprosjekter, kollektivtilbud eller sykkelveier.  Noen mener bilister skal slippe å betale for dette, og at staten i stedet bør ta regningen.  Andre mener det er rimelig at bilister må betale, og at det er et godt klimatiltak.  Noen vil erstatte bompenger med for eksempel veiprising. Veiprising er en avgift som justeres etter flere faktorer, som for eksempel hvor lang veien, om det er en strekning med mye kø eller om veien bidrar med mye forurensing. "
3883517d-49f3-4118-8057-d6b0c07f2efb,375,Det bør bli dyrere å fly,20,60,Trafikk og samferdsel,traffic,Flytrafikken innenfor Norges grenser står for store utslipp.  Noen vil gjør det dyrere å fly av hensyn til klima.  Andre mener avgiften svekker næringslivet og går utover folks lommebok.
6dd45c26-1cfd-4a4b-abc5-d8667d73e4af,382,Det bør bli færre parkeringsmuligheter enn i dag i de store byene,21,60,Trafikk og samferdsel,traffic,"Noen partier mener det bør bli mindre plass til bilen i byene av hensyn til fotgjengere, syklister og miljøet.  Andre mener det er viktig å bevare muligheten til å bruke bil av hensyn til dem som er avhengige av bilen og av hensyn til fremkommeligheten for næringslivet. "
b21aab60-d1f6-4263-92b8-98b79ac74729,376,Den øvre fartsgrensen på motorveier bør heves,22,60,Trafikk og samferdsel,traffic,"110 km/t er i dag høyeste fartsgrense i Norge.  Noen mener denne bør heves av hensyn til effektivisering og folks frihet.  Andre mener dagens grense bør bestå, eller senkes, av hensyn til miljøet og trafikksikkerheten. "
e0c2f473-352a-4d27-95ec-958335971939,377,Ferger bør i større grad erstattes med bru og tunnel,23,60,Trafikk og samferdsel,traffic,"Noen vil bygge mer bru og tunnel der det nå går ferge, for å effektivisere og forenkle enkelte strekninger.  Andre mener dette vil ha negative konsekvenser for naturen og miljøet, og at det vil gå utover lokalmiljøet. "
b778455e-9d76-4216-8f3e-6601796b27a3,373,Drivstoffavgiftene må kuttes,24,60,Trafikk og samferdsel,traffic,"Noen partier mener drivstoffavgiftene må kuttes for å redusere prisene på bensin og diesel.  Andre mener at å kutte i drivstoffavgiftene er for dyrt for staten og vil heller prioritere å bruke penger på andre ting.  Noen vil øke avgiftene for å redusere utslipp av klimagasser, og for å gi Norge inntekter. "
d00a0d48-6e94-437a-9723-4a853bdca234,378,Å drifte togtilbud bør kun være en offentlig oppgave,25,60,Trafikk og samferdsel,traffic,"Noen partier vil konkurranseutsette jernbanen. Det vil si at private aktører kan drifte togtilbudet på vegne av staten. Noen mener at konkurransen vil bety at kundene får det beste tilbudet.  Noen mener derimot at togtilbudet kun bør driftes av offentlige aktører og eies av staten, og at dette vil gjøre tilbudet bedre for folk flest. "
d97390c0-b349-4aa5-9e74-78562a661b89,379,Nord-Norgebanen bør bygges,26,60,Trafikk og samferdsel,traffic,"Det er uenighet om hvorvidt jernbane mellom Fauske og Tromsø bør realiseres. Noen mener det er for dyrt og at det er lite lønnsomt.  Andre mener prosjektet må prioriteres for å gi denne regionen et togtilbud, og fordi tog er mer klimavennlig enn for eksempel fly. Noen mener at å bygge denne strekningen vil ødelegge for mye natur, sett opp mot hvor mye den vil bli benyttet av folk.  "
7bb9b193-10d2-43f6-bdd7-22d835008db0,380,Cruiseskip bør seile utslippsfritt i alle norske fjorder,27,60,Trafikk og samferdsel,traffic,"Stortinget vedtok i 2018 at cruiseskip, turistbåter og ferger må ha nullutslippsteknologi for å få seile de fem norske fjordene som er oppført på UNESCOs verdensarvliste (en liste over de fremste natur- og kulturminnene i verden).  Noen mener at cruiseskip bør seile utslippsfritt i alle norske fjorder, ikke bare de fem.  Andre mener dagens krav er tilstrekkelige.  Andre igjen vil fjerne cruiseskipene helt fra alle norske fjorder. "
7ac50ffc-1ba7-4dcb-ab3c-1f5fbaafea9f,381,Kommunene bør i større grad få avgjøre hvor man kan kjøre snøscooter,28,60,Trafikk og samferdsel,traffic,"I utgangspunktet er det ulovlig å kjøre snøscooter i naturen. Kommunen har likevel adgang til å gi visse unntak.  Enkelte mener at kommunens selvbestemmelse bør veie tyngst, og peker på at snøscootere er nyttig for folk i deler av landet.  Andre peker på negative konsekvenser som støy og forurensing og mener staten bør bestemme at det fortsatt skal være ulovlig over hele landet."
5fe57376-2681-4a19-a192-089a610affa2,455,EØS-avtalen er bra for Norge,29,63,"Utenriks, forsvar og demokrati",democracy,"EØS-avtalen tråde i kraft i 1994 og står for Det europeiske økonomiske samarbeidsområde. EØS-avtalen handler om fri bevegelighet for varer, personer og tjenester.  Noen mener EØS-avtalen flytter makten vekk fra Norge og at den fører til en rekke negative konsekvenser, som eksempel sosial dumping. Noen partier tar til orde for en alternativ handelsavtale.  Andre mener EØS-avtalen er viktig for Norge, fordi den sikrer mer europeisk samarbeid, er bra for norsk handelspolitikk og fordi de mener den bidrar til trygghet og sikkerhet for landet."
d60d67e2-1dcd-4859-8711-f63b303d556d,394,Norge bør forbli en del av NATO,30,63,"Utenriks, forsvar og demokrati",democracy,"Siden 1949 har Norge vært en del av forsvarsalliansen NATO.  Noen vil melde Norge ut av alliansen fordi de mener at NATO gjør Norge mer utsatt for angrep. De ønsker heller et nordisk forsvarssamarbeid.  Andre mener NATO er viktig for Norge, og sentral for Norges sikkerhet og trygghet. "
b5b08662-663a-41eb-8bb7-e170c2403a3d,384,Fylkeskommunen bør legges ned,31,63,"Utenriks, forsvar og demokrati",democracy,"Fylkeskommunen har blant annet ansvar for den offentlige tannhelsetjenesten og videregående opplæring.  Noen ønsker å avvikle fylkeskommunen som forvaltningsorgan, fordi man mener det ikke er nødvendig med to forvaltningsnivåer i Norge.  Andre mener det er riktig å bevare fylkeskommunen og at disse to forvaltningsnivåene sikrer best tjenester. "
b784cb6b-c5dd-4e17-881e-219b5076c909,387,Plikten om å måtte bo på landbrukseiendom bør fjernes,32,63,"Utenriks, forsvar og demokrati",democracy,"I dag pliktes man å bo på landbrukseiendommen man forvalter (kalt boplikt). Boplikten gjelder for landbrukseiendom over en viss størrelse.  Noen mener boplikten bør fjernes, for å gjøre det enklere å eie landbrukseiendom i Norge.  Andre mener boplikten er viktig for å sikre at gårder i distriktene ikke står tomme og gror igjen. "
4ad5ff38-51b3-4ddc-a1ea-8025f7f1d405,388,Monarkiet i Norge bør avskaffes,33,63,"Utenriks, forsvar og demokrati",democracy,I Norge er kongen statens overhode.  Noen mener at landets øverste leder bør være demokratisk valgt.  Andre mener at kongehuset har en viktig og samlende funksjon for det norske samfunnet. 
da380f2a-7ebe-4354-af5f-a2209d679583,389,Sametinget bør legges ned,34,63,"Utenriks, forsvar og demokrati",democracy,Sametinget er samenes folkevalgte organ. Det er ment å ivareta samenes interesser og rettigheter.  Noen mener at dette ikke er nødvendig og at samenes interesser ivaretas godt nok av folkevalgte på Stortinget.  Andre mener sametinget har en viktig funksjon for samene som urfolk. 
b87e187b-aa97-4889-84ca-6739ff44bdc6,386,16-åringer bør få stemmerett,35,63,"Utenriks, forsvar og demokrati",democracy,I dag må du være 18 år for å stemme i både lokal- og stortingsvalg.  Noen mener det er positivt for demokratiet at også 16- og 17-åringer kan få stemme.  Andre mener at dagens aldersgrense bør bestå. 
49a15ef7-a458-4bb6-b3ab-b0313abcd8a7,390,Vi bør ha folkeavstemming om EU-medlemskap så raskt som mulig\n,36,63,"Utenriks, forsvar og demokrati",democracy,"Norge er ikke medlem av EU i dag, men er medlem av EØS-avtalen.  Noen mener Norge bør bli medlem av EU for å kunne være med å påvirke EU innenfra, og for sørge for et tettere europeisk samarbeid. De vil ha folkeavstemming så raskt det lar seg gjøre.  Andre mener at samarbeidet mellom Norge og EU er godt nok ivaretatt av EØS-avtalen, og at et EU-medlemskap vil svekke norsk selvråderett. De mener det ikke er nødvendig med en folkeavstemming nå.  Andre igjen mener et medlemskap i EU ville vært svært dårlig for Norge, og ønsker også å trekke Norge ut av EØS-avtalen. "
8186a132-a96b-41f0-9ddb-1768abef6029,392,Norge bør ta alle Oljefondets investeringer ut av Israel,37,63,"Utenriks, forsvar og demokrati",democracy,"Vår felles sparegris, Oljefondet, investerer i næringsvirksomhet, selskaper og eiendommer verden over. Israel er ett av 70 land Oljefondet har investeringer i.  På grunn av Israels pågående folkerettsbrudd mot det palestinske folk og ulovlig okkupasjon av Vestbredden mener noen at Norge bør trekke sine investeringer helt ut av Israel. De mener at Norges investeringer bidrar med folkerettsbrudd.  Noen mener boikott ikke er riktig, men at Norge likevel bør trekke seg ut av enkelte investeringer i Israel.  Andre igjen mener at politikk ikke bør styre Oljefondets investeringer, og at slike vurderinger er godt ivaretatt av Etikkrådet. Oljefondet trakk seg nettopp ut av flere israelske selskaper på grunn av massivt press. Noen mener det ikke er nok, og vil trekke fondet helt ut av Israel, uavhengig om investeringene bidrar til folkerettsbrudd og okkupasjon, for å legge press på landet."
f997fc81-ca82-4735-96d4-86dbac1c2ba3,393,Norge bør gi 1 prosent av BNP til bistand,38,63,"Utenriks, forsvar og demokrati",democracy,"I 2024 ga Norge 55,7 milliarder i bistand. Det utgjør 1,02 prosent av den norsk bruttonasjonalprodukt (BNP). I dag er det et politisk mål at Norge skal bidra med 1 prosent av inntekten, men det er ikke alltid Norge klarer målet.  Noen mener at 1 prosent bistand er for mye og vil ha betydelige kutt. De vil heller bruke pengene på andre ting i Norge.  Andre vil beholde målet fordi de mener denne andelen bistand er et viktig bidrag i arbeidet mot fattigdom og ulikhet i andre land. "
af63fc74-915c-47d7-ba8a-259103a1a6cc,396,Norge bør ikke kjøpe fregatter fra USA,39,63,"Utenriks, forsvar og demokrati",democracy,"I dag kjøper Norge fregatter (mellomstore krigsskip) fra ulike land. I år skal også Norge inngå et strategisk partnerskap med landet som produserer fartøyene.  Noen mener Norge ikke bør kjøpe fregatter fra USA fordi forholdet mellom Norge og USA har blitt mer krevende og innebærer mer usikkerhet med Trump-administrasjonen.  Noen vil at Norge skal prioritere å kjøpe fregatter fra USA for å styrke forholdet mellom Norge og USA. Noen mener det ikke er aktuelt å utelukke USA og at det er viktig for Norges sikkerhet å fortsette å handle og samarbeide med USA, uavhengig av hvem som styrer. "
fcd2ac11-b3e4-4312-9a2d-4e3b9088a720,398,De med høyest inntekt bør skatte mer enn i dag,40,64,"Økonomi, skatt og arbeid",economy,Du betaler skatt av inntektene du tjener i løpet av et år. De som tjener mest skatter i dag mer enn de som tjener mindre.  Flere mener at de rikeste ikke skatter nok og at dette fører til mer ulikhet i samfunnet.  Andre mener folk bør få beholde mer av sin egen inntekt.
c2357a72-5ec4-4871-b126-48caa37c418d,401,"Folk bør jobbe mindre enn 7,5 timer om dagen ",41,64,"Økonomi, skatt og arbeid",economy,"I dag er en vanlig arbeidsdag 7,5 timer.  Flere tar til orde for at en arbeidsdag bør kortes ned til 6 timer. De mener at det vil være helsebringende for personer i belastende yrker, at det vil øke effektiviteten. De vil også at folk skal ha mer fritid.  Motstanderne mener en kortere arbeidsdag vil ramme arbeidsoppgavene, arbeidsplasser og privat næringsliv."
67407df2-e3ae-4c7b-b0d5-ad67de2a6507,397,Det bør være eiendomsskatt på boliger og fritidseiendommer,42,64,"Økonomi, skatt og arbeid",economy,"I dag kan kommuner kreve inn eiendomsskatt. I 2024 har 323 av 357 kommuner innført dette, ifølge SSB.  Eiendomsskatten er kommunens mulighet til å skaffe en ekstra inntekt, og blir brukt til å finansiere velferdsgoder.  Noen mener dette er et unødvendig tiltak, som smerter mer enn det lønner seg. "
16e0d4e5-b5a9-4c6e-8431-de1dbdc2a2fd,399,Formuesskatten bør fjernes,43,64,"Økonomi, skatt og arbeid",economy,"Formuesskatt er skatt man betaler av formuesobjekter, som eiendom, bankinnskudd og aksjer.  Noen vil fjerne skatten helt, fordi de mener det bidrar til mindre investering og sysselsetting.  Noen vil fjerne den kun på arbeidende kapital, altså verdier gjennom arbeidsplasser, som maskiner og driftsbygninger. (Ifølge eksperter er imidlertid «arbeidende kapital» en upresis betegnelse, fordi alt i prinsippet kan skape verdier.) Noen mener formuesskatten generelt bør økes for å utjevne sosiale forskjeller.  Andre vil endre reglene – og vil kun øke den for de med de høyeste formuene og senke den for de med de minste formuene. "
f92ba7cd-3593-4136-b0e4-4d34ed09ca36,402,Det er bra at det har blitt vanskeligere å ansette noen midlertidig,44,64,"Økonomi, skatt og arbeid",economy,"Fra 1. april 2023 ble det innført strengere regler for leie inn arbeidskraft fra bemanningsforetak (foretak som leier ut arbeidskraft.) Det er fastsatt enkelte unntak.  Tilhengerne av denne endringen mener det styrker arbeidstakers rettigheter, og at midlertidighet kun bør brukes unntaksvis.  Andre mener dette gjør det vanskeligere for folk å få i jobb og at det går utover arbeidsplassen. "
da581e19-3e90-4b56-a5b7-68d1d6ee3d82,403,Det bør innføres makspris på strøm,45,64,"Økonomi, skatt og arbeid",economy,"Å sette makspris på strøm vil si at man setter et øvre tak på hvor mye strømmen skal koste.  Noen mener dette tiltaket vil koste for mye, og at det kan føre til at vi bruker mer kraft enn vi har.  Flere vil heller innføre fastpris, som vil si at det settes en sum for hva strømmen koster, uavhengig av svingningene i markedet. Det blir nå gjennomført i Stortinget. Andre mener det finnes bedre løsninger som både bidrar til energieffektivisering- og sparing, og som vil gi folk som har minst bedre råd – som for eksempel ved å gi en fast strømstøtte til alle, uansett forbruk."
adfbb73a-7922-4e4d-961f-d4ee4f305a06,400,Arveavgift bør innføres,46,64,"Økonomi, skatt og arbeid",economy,"Arveavgift er en skatt man betaler for å motta arv eller gaver.  Fra 2014 ble arveavgiften avviklet i Norge.  Noen mener det bør gjeninnføres en form for avgift når man arver store verdier, fordi arv av store summer bidrar til sosiale forskjeller.  Andre mener denne avgiften er urimelig, og vil at folk skal slippe å betale en avgift disse pengene. "
9e34a9bc-5002-458b-8bad-a98329ceb874,404,Det bør være grunnrenteskatt på havbruksnæringen,47,64,"Økonomi, skatt og arbeid",economy,Grunnrenteskatt betyr at man betaler en skatt for å bruke landets felles naturressurser.  De som ønsker en grunnrenteskatt på havbruksnæringen mener at de store verdiene som skapes i større grad bør komme fellesskapet til gode.  Motstanderne mener grunnrenteskatt rammer næringen for hardt og truer arbeidsplasser langs kysten. 
69bb81af-97e6-48f4-bde3-82abd0c0f8ef,405,Kvotering er bra for å sikre mangfold i yrkeslivet,48,64,"Økonomi, skatt og arbeid",economy,"Kvotering i yrkeslivet handler om å velge enkelte, ofte marginaliserte eller underrepresenterte grupper, som skal ha fortrinn i en ansettelsesprosess.  Noen mener kvotering er en god måte å få en større andel av bestemte grupper inn i arbeidslivet på.  Andre mener dette kan hindre de beste kandidatene i å få jobben. "
e6c0378d-558c-420f-873e-38ec772486bd,406,Borgerlønn bør innføres,49,64,"Økonomi, skatt og arbeid",economy,"Borgerlønn er en ordning som gir alle borgere en garantert grunninntekt (vanlig estimat er på 15.000-30.000 i måneden). Forkjempere for denne ordningen mener dette kan bidra til å bekjempe fattigdom og redusere forskjeller, samt forenkle byråkratiet i NAV. Noen vil prøve ut garantert minsteinntekt, som et steg mot borgerlønn.  Motstanderne mener det er for kostbart, at det kan føre til at færre ønsker stå i jobb, og at det vil være negativt for næringslivet og folks helse. "
26e3a1cf-f279-4f0d-8312-bbfd19aee2aa,407,Unge under 30 skal ikke uføretrygdes,50,64,"Økonomi, skatt og arbeid",economy,"I dag kan man motta uføretrygd om egen inntektsevne er varig redusert på grunn av sykdom eller skade.  Noen mener at unge under 30 ikke skal kunne motta varig uføretrygd, med enkelte unntak, fordi de mener det kan hindre folk å komme seg tilbake i arbeidslivet.  Andre mener forslaget er usosialt, og at det vil gå utover de svakeste i samfunnet. "
5230a00b-7a03-47fb-9760-605118a07c69,414,Antall ulv i Norge bør reduseres,51,65,"Klima, natur og miljø",climate,"Stortinget har satt et mål (bestandmålet) om at det skal bli født fire til seks norske ulvekull i året.  Noen mener ulven truer norske husdyr og folk, og at det bør være mindre ulv.  Andre mener dette ikke stemmer, og at er viktig å ta vare på den norske ulven som en truet dyreart, og som en del av de norske økosystemet.  Noen vil beholde antallet som det er i dag, andre vil øke det. "
16610907-5b67-48a3-9c74-2e7c481fb288,409,Utbygging av vindkraft til havs bør skje,52,65,"Klima, natur og miljø",climate,"Noen mener at det bør satses på havvind i Norge, fordi dette er en fornybar energikilde, og kan bidra i den grønne omstillingen.  Andre mener dette er for risikabelt av hensyn til naturen, og mener man bør satse på andre grønne næringer.  Noen vil kun ha flytende havvind, ikke bunnfast havvind. "
cb96511d-0876-41a2-b7fb-b604d0a8a46e,410,Olje- og gassplattformer i Norge bør elektrifiseres,53,65,"Klima, natur og miljø",climate,"I dag får de fleste norske oljeplattformer strøm fra egne gasskraftverk. Dette er en kilde til store mengder utslipp.  Noen mener olje- og gassanleggene bør få strøm fra land eller fra havvind for å sikre mindre utslipp.  Noen mener at kraft fra land er uheldig fordi de vil føre til høyere strømpriser, og at denne kraften kan brukes på en mer hensiktsmessig måte.  Noen mener elektrifisering er en måte å forlenge næringens levetid, og vil heller på fase ut oljenæringen som helhet på sikt. "
60b9593c-4938-49fa-9bc0-d2a098712cc1,411,Staten bør gjøre det dyrere å spise kjøtt,54,65,"Klima, natur og miljø",climate,"Noen mener folk bør betale mer for kjøttet i Norge, av hensyn til klima, landbruket, miljø og dyrevelferd. De tar til orde for å heller gjøre det billigere å spise frukt og grønt.  Andre mener at folk ikke skal måtte betale for høyere kjøttpriser, og at man må få spise det man selv vil. "
dada76a9-833e-488b-b289-cf4062d78d04,412,"Det bør åpnes for å utrede oljeboring i Lofoten, Vesterålen og Senja",55,65,"Klima, natur og miljø",climate,"I dag er det ikke lov å bore etter olje i Lofoten, Vesterålen eller Senja.  Noen partier ønsker å se på mulighetene for å bore etter olje i disse områdene for å gi Norge mer inntekter fra olje og gass.  Andre partier sier nei til all oljeaktivitet her, fordi de mener områdene er for sårbare og fordi det vil føre til utslipp. "
2ee4c9da-d07b-49bb-aed2-5a2db5907d02,413,Det er viktig med en sluttdato for norsk olje- og gassproduksjon,56,65,"Klima, natur og miljø",climate,"FNs generalsekretær har bedt alle land om å slutte å lete etter ny olje og gass av hensyn til klima og sikkerhet.  Noen partier vil at Norge skal gradvis fase ut hele olje- og gassproduksjonen innen en femtenårs-periode, uavhengig av om man klarer å kutte utslipp i industrien.  Andre mener det lite hensiktsmessig å sette en sluttdato nå av hensyn til økonomi og sikkerhet, og vil at markedet skal styre hvorvidt Norge skal fortsette å lete og produsere olje.  Noen vil ikke fase ut næringen, men heller jobbe med å kutte utslipp i olje- og gassproduksjon.  Noen vil utvikle næringen i uoverskuelig framtid. "
b8b770d7-1a58-4446-b587-2f7e2d6a84cb,415,Norge bør bygge ut flere vernede vassdrag til kraft,57,65,"Klima, natur og miljø",climate,"I år vedtok flertallet på Stortinget å åpne for å bygge ut vernede vassdrag.  Noen mener at dette skader naturen og økosystemene, og at vern må bety vern.  Andre mener at vedtaket ikke vil gripe inn i viktig natur, og at kraft, også fra enkelte vernede vassdrag, er noe som bør prioriteres nå. "
82055968-0699-4125-8466-051074f7a039,416,Vi må bygge flere vindturbiner på land,58,65,"Klima, natur og miljø",climate,"Noen partier mener vi må bygge flere vindturbiner (på folkemunne kalt vindmøller) på land for å imøtegå kraftetterspørselen i Norge. Noen mener at vindparkene medfører et for stort inngrep i naturen og vil ikke bygge flere.  Noen vil kun bygge vindmøller i natur som allerede er utbygget, for å sikre at uberørt natur ikke skades.  Noen mener kommunene bør bestemme dette. "
1a4d0017-5119-41ad-ab53-5b436987a30b,417,Staten bør grunnlovsfeste dyrs egenverdi,59,65,"Klima, natur og miljø",climate,"Ifølge dyrevelferdsloven har alle dyr iboende verdi, uavhengig av nytteverdien de har for mennesker, og rett til å utøve artstypiske behov. Sveits, India, Brasil, Slovenia, Tyskland, Luxembourg, Østerrike, Italia og Egypt har hensynet til dyr i sin grunnlov.  Noen mener at Norge bør gjøre det samme, og at dette vil føre til mer respekt for dyr, og styrke naturvernet. De peker på at dyreholdet i Norge står ovenfor store utfordringer.  Andre mener at dyrevelferden kan bli bedre, men at det ikke trenger å stå i grunnloven, og peker på at man kan styrke dyrs rettigheter på andre måter.  Andre mener dyrevelferden er godt nok ivaretatt i dagens lovverk og at dyrevelferden er god nok som den er i dag. "
2aa119ba-41ed-48e7-82b2-5b720122e900,418,Vern av verdifull natur bør stoppe viktige byggeprosjekter,60,65,"Klima, natur og miljø",climate,"Verden står i en naturkrise. Noen mener dette må bety mer vern og mindre nedbygging av norsk natur.  Andre mener at vern av natur skade næringsliv og infrastruktur, og at naturen noen ganger må vike for byggeprosjekter.  Andre igjen mener dette må bestemmes lokalt, uavhengig av naturen eller byggeprosjektene. "
24c8272e-2307-4a27-93e2-411a5858a945,419,Det bør bli forbudt å bygge ned myr,61,65,"Klima, natur og miljø",climate,"Å bygge ned myr betyr å bygge om eller endre på myren til fordel for boliger, veier eller gårdsdrift. I Norge er det ikke lov å bygge ned myr – med enkelte unntak. Noen mener det er riktig å forby nedbygging av myr fordi myren er viktig for naturmangfoldet, og fordi den lagrer tonnevis med klimagasser. Andre mener et slikt forbud vil være negativt for næringslivet og matproduksjonen, og at det er mulig å for eksempel dyrke i myr – uten at det bidrar med store utslipp."
9f25de8d-c2ec-4fd6-acc0-d0f86441af08,420,Undervisningen i nynorsk bør gjøres valgfri,62,66,Skole og utdanning,education,"Det er i dag obligatorisk undervisning i både bokmål og nynorsk for elever på ungdomsskolen og i videregående. For de fleste elever er bokmål hovedskriftspråk og nynorsk sidemål, men for noen er det motsatt. Noen mener elevene selv bør få velge om de ønsker å lære seg sidemål. Andre mener det er viktig at elever lærer begge målformene av hensyn til tradisjon og norsk kulturarv. "
8ba047b2-1dfe-41e3-a40b-609b35c780eb,421,Skolen bør være leksefri,63,66,Skole og utdanning,education,"I dag har man hjemmelekser.  Flere mener at skolen må legge til rette for at lekser skal gjøres i skoletiden, og ikke hjemme.  Andre mener hjemmelekser er et viktig læringsmiddel utenfor skoletid og vil beholde dem. "
19c25512-ebcc-4cbe-a630-81d97ec93bae,431,Russetiden bør legges til etter eksamen,64,66,Skole og utdanning,education,"I dag feires russetiden før eksamen.  Noen vil flytte eksamen fram slik at russetiden kan feires etter eksamen. De mener at dette vil gi elever får rom og tid til å fokusere på skolearbeidet.  Andre frykter at dette vil føre til at det blir mindre tid til læring før eksamen avholdes, og at russetiden fungerer fint slik den er i dag. "
c4f3f3e3-c379-4cfb-978b-1db0fb4ceee8,422,Det bør bli mindre testing og karakterer i skolen enn i dag,65,66,Skole og utdanning,education,"Noen mener karakterer og testing i skolen er viktig for å vurdere og måle elevenes fremgang.  Andre vil ha mindre av dette, fordi de mener det legger et unødvendig press på elevene og at andre løpende vurderingsformer er bedre.  Noen vil teste mindre, men beholde karakterene. "
31ba0b4c-ffe7-417a-bc1f-ef85065ce2f5,423,Det bør være hovedvekt på kristendom i religionsfag på skolen,66,66,Skole og utdanning,education,"I 2013 ble K-en i KRLE innført, og det ble også bestemt at om lag halvparten av faget skulle handle om kristendom. Før 2013 het det RLE. Noen mener undervisningen i kristendom bør likestilles med andre religioner.  Andre mener kristendommen er en viktig del av den norske kulturarven og bør prioriteres i religionsundervisningen."
ace32c8d-c41a-4fd0-aa89-e2a4884dc21a,424,Eksamen bør avskaffes i grunnskolen og videregående,67,66,Skole og utdanning,education,"I dag gjennomføres eksamen ved alle videregående skoler.  Noen partier mener skoleeksamen er gammeldags og urettferdig, og bør erstattes med andre vurderingsformer, for eksempel mappeeksamen.  Andre partier mener dagens eksamensordning er den beste måten å måle og sammenligne elevenes kunnskapsnivå, og vil beholde den."
f8447c6f-fc81-4d59-8667-584d24176714,425,Det bør bli flere privatskoler,68,66,Skole og utdanning,education,"Privatskoler er definisjonen på alle skoler som ikke er offentlige, og inkluderer blant annet toppidrettsgymnas, steinerskoler og kristne skoler. Privatskoler ble før kalt friskoler. I dag mottar privatskoler statsstøtte.  Noen mener det bør bli flere slike skoler fordi det bidrar til mangfold. Noen vil spesifikt ha flere privatskoler med visse typer linjer, for eksempel realfagslinje eller yrkesfagslinje. Noen er positive til privatskoler, uten at de mener det bør bli flere.  Andre vil ha færre privatskoler fordi de vil styrke den offentlige skolen. "
f098ad03-914d-4cb6-b4ba-f1711181e27b,426,Det bør være tilleggspoeng for realfag ved opptak til høyere utdanning,69,66,Skole og utdanning,education,"I dag kan man få tilleggspoeng for blant annet alder, realfag og kjønn ved opptak til høyere utdanning, men denne ordningen er planlagt avskaffet.  Noen mener det er riktig at det bør bli færre slike poeng fordi det vil føre til mer likestilling.  Noen mener nesten alle poengene bør fjernes, med unntak av tilleggspoengene for realfag.  Andre mener ordningen med tilleggspoeng er positiv uansett type poeng, fordi det gir folk fortjente fortrinn. "
50f4f9aa-d84c-42f4-aaa7-b500f9342e59,427,Norge bør ha krav om 4 i norsk og matte for å kunne bli lærer,70,66,Skole og utdanning,education,"Før krevde loven at man måtte ha 4 i matte for å starte på lærerutdanningen. Denne loven ble avviklet i 2022. I dag må man ha karakteren 3 i matte og norsk og minst 40 studiepoeng. Noen mener at firerkravet bør gjeninnføres fordi de mener at kunnskapen til lærere er for lav og at Norge mangler kvalifiserte lærere. (De mener imidlertid ikke at loven skal ha tilbakevirkende kraft dersom den innføres, som ville betydd at erfarne lærere som ikke hadde dette kravet ville vært pålagt å videreutdanne seg.) Noen mener firerkravet er unødvendig, og at denne utsilingen vil bety at man mister mange dyktige lærere. De mener at kravet fører til at færre blir lærere og at det er negativt fordi Norge allerede mangler lærere. "
3c7cbd69-6419-4550-82c2-df1e94d29fdc,428,Skolen bør undervise i kjønns- og seksualitetsmangfold i barneskolen,71,66,Skole og utdanning,education,"I dag underviser barneskolen i kjønns- og seksualitetsmangfold.  Noen tar til orde for at dette bør fjernes fra barneskoler fordi det det kan bidra til å forvirre elevene og gjøre dem usikre på eget kjønn.  Andre mener det er feil at slik undervisning bidrar til forvirring, og mener det er viktig og sunt at elevene får lære om mangfoldet som finnes. De mener dette bidrar til mer inkludering og mindre fremmedfrykt. "
600af7c4-7123-45c2-a510-7daf8a8d8bd9,429,6-åringer er for unge til å begynne på skolen,72,66,Skole og utdanning,education,"I dag begynner 5- og 6-åringer på barneskolen i 1. klasse.  Noen mener barn er for unge til å begynne på skolen når de er 5 og 6 år, og frykter at det kan bidra til skolevegring, dårligere mental helse- og utvikling. Noen vil erstatte førsteklasse med en form for aktivitetsskole, som fremmer lek.  Andre mener det er viktig at barn får lære å lese og regne så tidlig som mulig og synes dagens ordning er god. "
414bdfec-ac21-4a17-acdd-889812969ec0,430,Det bør aksepteres at skoler legges ned på grunn av lavt elevtall,73,66,Skole og utdanning,education,"Flere kommuner har lagt ned skoler av hensyn til dårlig kommuneøkonomi og lavt elevtall.  Noen mener det er en riktig prioritering å legge ned skoler, dersom det ikke er lønnsomt å fortsette driften. Noen peker på at det handler om at staten ikke gir kommunene nok midler.  Andre mener at skolene burde bestå og at man heller burde kutte andre utgifter. Andre igjen mener det er opp til hver kommune å bestemme. "
60b52fd0-ae65-48b1-bc55-62512a547de4,432,Skjermbruk i undervisningssammenheng bør begrenses,74,66,Skole og utdanning,education,"I dag bruker de fleste skoler nettbrett til læring i skolen.  Noen mener at skjermbruken i skolen har gått for langt og at det går utover elevers utvikling og helse. Noen tar til orde for flere trykte lærebøker i skolen.  Andre mener det ikke handler skjermen i seg selv, men at det heller handler om kvaliteten på innholdet, og at skjermen kan bidra til variasjon og tilpasning i opplæring. "
8932655f-6610-4ec8-950b-dc4cad52e85c,434,Norge bør utrede aktiv dødshjelp,75,67,Helse og omsorg,health,"I dag er aktiv dødshjelp ulovlig i Norge. I Europa har Nederland, Belgia og Luxembourg lover som tillater aktiv dødshjelp.  Noen vil at Norge skal gjøre aktiv dødshjelp lovlig av hensyn til selvbestemmelse og de som har mye smerter og har fått en dødsdom. Andre vil kun åpne for en utredning.  Andre mener dette bør forbli ulovlig, fordi de mener at staten ikke skal ta liv, og at dette vil føre til at samfunnet skal ende opp med å bestemme hvilke liv som er verdt å leve og ikke.  Noen mener det ikke bør bli lovlig før det er eksiterer et tilfredsstillende tilbud for personer som har de sykdommene som svekker livskvaliteten helt eller betraktelig. "
6f345341-9a65-46bc-abab-5f70f7f652a0,436,Staten bør betale mer av folks tannlegeregninger,76,67,Helse og omsorg,health,"I dag må de aller fleste i Norge betale for tannlegebesøk fra egen lomme, med unntak av barn og unge opp til 18 år. Noen vil at flere enn i dag skal få dekket tannlegeregninger. Noen vil at tannlegen skal bli helt gratis, og at man kun skal betale en mindre egenandel.  Andre igjen mener at dagens ordning fungerer godt som den er, og at vil være feil pengebruk å prioritere dette. "
48dc6de7-8288-43c1-8515-5d221b5e98b0,435,Det er greit å tjene penger på å drive sykehjem,77,67,Helse og omsorg,health,"I dag tilbyr både private og offentlige aktører omsorg på sykehjem i Norge.  Noen mener det ikke er greit at private aktører å tjener penger på slike tjenester. Noen frykter at disse tilbudene først og fremst ønsker å tjene penger på syke mennesker.  Andre mener det er viktig å la private aktører slippe til, og at konkurranse mellom tilbudene vil føre til et bedre tilbud for de syke. "
f914cbb0-6f4e-4ad3-8bdb-5d392f86a469,437,De med kjønnsinkongruens under 18 år bør få kjønnsbekreftende helsehjelp,78,67,Helse og omsorg,health,"Fra fylte 16 år kan man i dag få kjønnsbekreftende hormonell behandling. Etter minimum 1 år på hormoner kan man vurderes for kirurgisk behandling. Aldersgrense for å gjennomføre kirurgisk kjønnsbekreftende behandling er 18 år.  I dag er det mulig for noen barn og unge under 16 år å få pubertetsstoppende hormoner for å minimere uønsket pubertetsutvikling.   Noen mener man bør være myndig for å ta en slik avgjørelse.  Noen mener det bør være lov, men kun med samtykke fra foresatte.  Andre mener det er viktig at man får starte behandling ved fylte 16, fordi det er en psykisk påkjenning å måtte vente."
cd48448e-c50e-48a6-985c-4576db488f37,438,Reglene for salg av tobakk bør strammes inn,79,67,Helse og omsorg,health,"Noen partier mener det bør bli vanskeligere å kjøpe tobakk og snus, blant annet ved å forby tobakksalg på nett. De vil at den yngre generasjonen skal bli tobakksfri.  Andre mener salg av tobakk allerede er strengt nok regulert. "
405cdc16-5e4f-4968-8bcd-2ba1e9b56c10,439,Uassisterte hjemmefødsler bør forbys,80,67,Helse og omsorg,health,"Uassisterte hjemmefødsler er at man føder uten sertifisert helsepersonell til stede, som jordmor eller fødselslege.  Noen mener uassisterte hjemmefødsler bør forbys, av hensyn til helsen og sikkerheten til mor og barn.  Andre mener det bør være opp til en selv hvor og hvordan man ønsker å føde. Andre igjen mener at det ikke bør være ulovlig, men vil jobbe for at alle skal ønske å føde med helsepersonell til stede. "
629af27c-259e-4e4a-aedb-74ff2012e6bd,383,Eldreombudet bør gjenopprettes,81,67,Helse og omsorg,health,"Eldreombudet var et statlig drevet ombud for eldre, som eksisterte fra 2020 til 2023. Et ombud er en etat eller en person som skal sikre rettighetene og interessene for en gruppe mennesker, ved å kontrolle virksomhetene som har som oppgave å ivareta denne gruppen. I dag har vi for eksempel et barneombud.  Noen partier mener Eldreombudet var et viktig talerør og en vaktbikkje for de eldre, og at det bør bestå.  Andre mener at eldres rettigheter og interesser i tilstrekkelig grad er dekket av andre ombud og instanser. "
487c3374-3d0d-4135-ba90-0c30e212ab1c,433,Staten bør overta ansvaret for eldreomsorgen fra kommunene,82,67,Helse og omsorg,health,"I dag er det kommunen som har ansvaret for eldreomsorgen.  Noen mener at staten i større grad bør overta det økonomiske ansvaret for eldreomsorgen, med mål om et likere tilbud på tvers av kommuner.  Andre mener dette ikke er en god løsning og at kommunene selv vet best hvordan de skal sikre god eldreomsorg."
a03367a7-f675-4e56-a455-5ac32ed6810b,442,Det bør være gratis bind og tamponger på alle offentlige toaletter,83,67,Helse og omsorg,health,"Noen vil at sanitærprodukter skal være gratis og tilgjengelig på alle offentlige toaletter, for å minske stigmatisering og for å utjevne sosiale forskjeller.  Andre mener det ikke er riktig prioritering av penger, og at dersom folk ikke har råd til santiærprodukter kan man heller løse dette ved å sette ned skattene for folk. "
f3c04deb-33f7-4ea3-9ef1-de049991a88e,443,Norge bør gjeninnføre fritt behandlingsvalg,84,67,Helse og omsorg,health,"I dag kan man velge hvor man vil bli behandlet.  Ordningen kalt fritt behandlingsvalg ble imidlertid avviklet i 2022. Den innebar at staten betaler for at man kan benytte seg av enkelte private og ideelle tilbud innenfor spesialisthelsetjenesten. (Spesialisthelsetjenesten er den delen av helsevesenet som ikke er på kommunalt nivå. Det er i dag staten som har ansvar for spesialisthelsetjenesten.) Avviklingen betyr dermed at private aktører ikke lenger kan godkjennes av Helfo for å yte spesialisthelsetjenester mot betaling fra staten.  Noen er mot fritt behandlingsvalg fordi de vil satse på et sterkt offentlig helsevesen og heller vil støtte opp under disse tilbudene. Noen vil gjeninnføre ordningen fordi de mener at private og ideelle aktører bør få kunne tilby sine tjenester, og at folk skal slippe å betale så mye for dem.  Noen er kun for fritt behandlingsvalg for rus- og psykiske helsetjenester, men ikke for somatikken (fysisk helse.)"
11c76d93-4808-45da-848d-e3a88f2a1ec1,447,Politiet bør bære våpen til enhver tid,85,68,Lover og straff,law,"I vår vedtok Stortinget å innføre generell bevæpning av politiet, som betyr at politiet nå kan bære våpen til enhver tid. Før hadde Justisdepartementet mulighet til å gi politiet muligheten til å være våpen i en begrenset tidsperiode (midlertidig bevæpning) basert på en trusselvurdering knyttet til en spesiell situasjon eller tidsperiode.  Flertallet av Stortinget mener det var riktig å innføre generell bevæpning av politiet i Norge, altså at politiet bærer våpen hele tiden, uavhengig av situasjon eller trusselnivå. Andre var og er imot dette fordi de mener det kan bidra til en mistillit overfor politiet og mer utrygghet. Noen er imot midlertidig bevæpning, men mener at våpen bør bli lettere tilgjengelig for politiet enn i dag. "
b39a90d2-4c5b-415c-b5ec-8359e0703d50,448,Det er riktig å innføre en samtykkelov i Norge,86,68,Lover og straff,law,"Samtykke betyr å si ja, eller vise gjennom kroppsspråk eller lyder at man vil ha sex.  I dag er mangel samtykke ikke nok i seg selv til å bli dømt for voldtekt. I dagens lovverk må man aktivt si nei, vri seg vekk, gråte eller kjempe imot.  Flere mener dagens lov ikke er tilstrekkelig. De mener at man bør gi sitt eksplisitte samtykke for at det skal være lov, og at hvis man ikke gir samtykke bør det defineres som voldtekt. Både Sverige og Danmark har innført en slik lov, en såkalt \"
ecd4a5f0-e5c4-40a2-bfd0-18adfc06a95e,446,Skjenketider og alkoholsalg bør utvides,87,68,Lover og straff,law,"I dag er det statlige regler for skjenketider og alkoholsalg. Normaltid for salg av alkohol i butikk er lovlig fra 08.00 til 18.00 (senest 20:00) på hverdager. Skjenking av alkohol med lavere prosent er fra 09.00–01.00 på hverdager, og 09:00-02:00 på fredager og lørdager, og for høyere prosent fra 13:00- 01:00 (02:00 hvis fredag/lørdag.) Noen vil utvide skjenketidene og salget av alkohol.  Andre mener det er bra at Norge har en restriktiv alkoholpolitikk.   Andre igjen mener at kommunen skal få bestemme dette selv."
d339d8cf-f50d-4668-b809-b32ead11e5d5,444,Å ha brukerdoser av illegale rusmidler til eget bruk skal fortsatt straffes\n,88,68,Lover og straff,law,"I dag er det ulovlig å bruke eller ha på seg (besitte) illegale rusmidler.  Noen mener at bruk og besittelse av mindre mengder narkotika til eget bruk skal avkriminaliseres, og at man heller skal gi helsehjelp. De mener at det vil være vanskelig å skille mellom de som er tunge rusavhengige, de som selger og de som har brukerdoser til seg selv. De frykter at en kriminalisering av brukerdoser vil føre til at færre tørr å oppsøke helsehjelp, dersom de opplever at rusbruken setter liv og helse i fare.  Andre mener at selv om rusavhengige i større grad enn i dag bør få helsehjelp, bør alle mengder av ulovlige rusmidler fortsatt være straffbart. De mener at en avkriminalisering vil sette et godkjentstempel på rus, noe de mener vil føre til økt bruk og en normalisering av farlige rusmidler. "
5057d36b-46bf-4094-bdd9-2ae1d559933b,445,Den kriminelle lavalderen bør senkes til 14 år,89,68,Lover og straff,law,"I dag er den kriminelle lavalderen i Norge 15 år. Dersom du er yngre enn dette blir du ikke straffet i dag.  Noen mener at den bør senkes til 14 år for å sikre at man skal kunne straffe unge kriminelle. De mener at en slik lov vil være preventiv (forebyggende) ved at den skremmer folk fra å begå kriminalitet.  Andre mener dagens kriminelle lavalder er riktig og er kritiske til å senke den fordi de mener at yngre barn ikke bør kriminaliseres, men heller få hjelp.  Andre igjen mener denne grensen bør heves, slik at man må være et år eldre enn i dag, altså 16 år, for å bli straffedømt. "
d6bd13f0-4add-43fe-a0f1-1bac1b2a7b0e,449,Det er riktig å fjerne minstestraffen for voldtekt,90,68,Lover og straff,law,"Minstestraffen for voldtekt til samleie er på tre års fengsel. Det er foreslått å fjerne denne minstestraffen for å gi dommerne muligheten og friheten til å vurdere straffenivået i hver enkelt sak.  Tilhengerne av forslaget mener at minstestraffen begrenser domstolens mulighet til å ta hensyn til individuelle omstendigheter i saken. I et tilfelle hvor minstestraffen vurderes som for strengt kan dette føre til at det ender med at den kriminelle ikke blir dømt i det hele tatt, mener de.  Andre mener minstestraffen fra 2010 er riktig, og at den bidrar til at flere blir idømt strenge straffer for voldtekt til samleie. "
1fdd4bab-497f-4b04-89f2-59089f77f851,450,Maksstraffen i Norge bør økes,91,68,Lover og straff,law,"Norges strengeste straff i straffeloven er generelt 21 år med forvaring. Men for grov terrorisme kan det ilegges dom på 30 år.  Noen mener straffene i Norge bør bli strengere for vold overgrep og drap, fordi det trygger samfunnet mot de verste kriminelle.  Andre mener at 21 år med forvaring er en streng nok straff og at man kan oppnå de samme resultatene med denne straffen som med en høyere straff."
302a8fef-af05-4f59-b89a-3e684f9781d1,451,Sexkjøpsloven bør oppheves,92,68,Lover og straff,law,"Det ble i 2009 innført forbud mot kjøp av seksuelle tjenester. Det er lov å selge seksuelle tjenester, men ulovlig å kjøpe dem.  Noen mener denne loven bør oppheves og peker på flere problemer med den. De mener blant annet at den skader personer som selger sex, ved at markedet er uregulert og farlig. Amnesty har i flere rapporter pekt på hvordan norsk lov er farlig for personer som selger sex, og at loven bryter med menneskerettighetene.  Andre mener det er viktig å ha et forbud i Norge for å beskytte sexarbeidere mot folk som vil kjøpe sex. De mener at å oppheve forbudet vil bety at man tilrettelegger for mer sexkjøp. De peker også på at loven virker, ved å viser til at sexkjøp har gått ned siden loven ble innført. "
380555c7-5989-4231-9d5f-80833e4b58a4,452,Det bør åpnes for flere søndagsåpne butikker,93,68,Lover og straff,law,"Butikker skal i utgangspunktet holde stengt på søndager, ifølge norsk lov. Det finnes likevel unntak som kiosker og små dagligvarebutikker.  Noen mener flere burde få holde åpent på søndager, blant annet fordi man mener det er positivt for næringslivet.  Andre mener det er viktig å ikke utvide reglene, av hensyn til butikkansatte."
8fa10927-a38e-4a85-8ac4-826b43ad6d34,453,Cannabis bør selges på polet,94,68,Lover og straff,law,"I dag er cannabis ulovlig i Norge.  Noen mener det bør være statlig kjøp og salg av cannabis på Vinmonopolet, og at salg i ordnede former vil føre til mindre kriminalitet, mer trygghet og mindre farlig ulovlig omsetning.  Andre mener det er viktig at cannabis forblir forbudt, og at statlig omsetning er et farlig og skadelig forslag."
a95e753f-e79d-442c-8a9a-20cfe5a4293d,454,Det bør etableres lukka institusjoner for barn under 15 som begår alvorlig kriminalitet,95,68,Lover og straff,law,"Barn og unge som begår gjentatt og grov kriminalitet blir i dag håndtert av barnevernet.  Noen vil etablere et institusjonstilbud som skal være landsdekkende og som skal ligne barnevernet, men ha låst dør.  Noen mener det bør etableres andre alternativer, slik som Nasjonale Trygghetshus, som skal fungere som et bo- og rehabiliteringstilbud for disse barna."
16e52deb-a78b-4df0-824e-87829896f770,440,Norge bør innføre en tredje kjønnskategori,96,68,Lover og straff,law,"I Norge har vi to juridiske kjønnskategorier, mann og kvinne.  Noen vil at Norge skal innføre en tredje juridisk kjønnskategori, for å sikre at ikke-binære og transpersoner kan velge sitt foretrukne juridiske kjønn.  Andre mener det kun skal finnes to kjønn etter norsk lov, og vil beholde loven slik det er i dag. "
5d3d9979-4728-4a4d-a85e-8ac2e689a35e,456,Man bør åpne for å sette fotlenke på barn under 15 år,97,68,Lover og straff,law,"Noen mener at det er nødvendig å vurdere elektronisk kontroll på barn og unge under 15 år som begår alvorlig kriminalitet, for å hindre rømming og gjentakelsesfare.  Andre mener det er for strengt, at det er et viktig prinsipp at barn og unge ikke skal straffes. "
